Frame_ID,Timestamp,Class,Confidence,x1,y1,x2,y2
1,2026-01-05 11:15:52,car,0.6682219505310059,178,50,195,74
1,2026-01-05 11:15:52,bus,0.6287145614624023,299,192,338,268
1,2026-01-05 11:15:52,car,0.5395451784133911,141,52,161,80
2,2026-01-05 11:15:53,bus,0.6872909069061279,299,192,338,270
2,2026-01-05 11:15:53,car,0.661270022392273,177,51,195,75
2,2026-01-05 11:15:53,car,0.5552722811698914,141,52,161,80
2,2026-01-05 11:15:53,car,0.5188307166099548,200,100,224,137
3,2026-01-05 11:15:53,car,0.705901563167572,176,53,195,76
3,2026-01-05 11:15:53,bus,0.5935516357421875,299,193,338,271
3,2026-01-05 11:15:53,car,0.5583429932594299,141,52,161,79
3,2026-01-05 11:15:53,car,0.5243473649024963,199,101,224,141
3,2026-01-05 11:15:53,car,0.5165237784385681,104,192,155,254
4,2026-01-05 11:15:53,car,0.6897366046905518,198,103,224,142
4,2026-01-05 11:15:53,car,0.6170942783355713,176,54,196,79
4,2026-01-05 11:15:53,car,0.6115039587020874,101,197,153,261
4,2026-01-05 11:15:53,car,0.528700053691864,141,52,161,79
5,2026-01-05 11:15:53,car,0.5865896344184875,176,54,196,81
5,2026-01-05 11:15:53,car,0.5591945052146912,97,202,150,267
5,2026-01-05 11:15:53,car,0.5096132755279541,141,52,161,80
6,2026-01-05 11:15:53,bus,0.6027030348777771,299,196,339,274
6,2026-01-05 11:15:53,car,0.5372396111488342,197,108,224,148
7,2026-01-05 11:15:53,car,0.6388029456138611,90,211,145,282
7,2026-01-05 11:15:53,car,0.5614233016967773,196,109,223,151
8,2026-01-05 11:15:53,car,0.6072148084640503,195,111,223,155
8,2026-01-05 11:15:53,car,0.5396517515182495,85,217,143,289
8,2026-01-05 11:15:53,train,0.5231367349624634,285,133,313,186
9,2026-01-05 11:15:53,car,0.6037075519561768,175,60,196,88
9,2026-01-05 11:15:53,car,0.5880612134933472,194,113,222,157
9,2026-01-05 11:15:53,bus,0.5539296269416809,299,198,339,277
9,2026-01-05 11:15:53,car,0.5516966581344604,81,222,140,298
9,2026-01-05 11:15:53,car,0.5149129629135132,140,52,161,79
10,2026-01-05 11:15:54,bus,0.590455174446106,298,198,339,279
10,2026-01-05 11:15:54,car,0.5494040846824646,174,63,196,90
11,2026-01-05 11:15:54,car,0.5802260041236877,173,64,195,92
11,2026-01-05 11:15:54,bus,0.5440759658813477,299,200,339,279
11,2026-01-05 11:15:54,car,0.5392938852310181,71,234,135,315
11,2026-01-05 11:15:54,car,0.5352945327758789,140,52,162,79
11,2026-01-05 11:15:54,train,0.528355062007904,286,134,314,188
12,2026-01-05 11:15:54,train,0.6666146516799927,286,134,314,188
12,2026-01-05 11:15:54,car,0.6148288249969482,174,66,196,94
12,2026-01-05 11:15:54,car,0.5170107483863831,140,52,162,79
13,2026-01-05 11:15:54,train,0.6864025592803955,286,134,315,189
13,2026-01-05 11:15:54,car,0.5953580141067505,60,247,128,333
13,2026-01-05 11:15:54,car,0.5798576474189758,174,67,195,96
13,2026-01-05 11:15:54,car,0.5296948552131653,140,52,162,79
14,2026-01-05 11:15:54,train,0.6356980800628662,287,135,315,192
14,2026-01-05 11:15:54,car,0.6243633031845093,174,69,195,98
14,2026-01-05 11:15:54,car,0.5192155838012695,140,52,162,79
15,2026-01-05 11:15:54,car,0.6964167952537537,173,71,195,100
15,2026-01-05 11:15:54,train,0.5466896891593933,286,136,315,193
15,2026-01-05 11:15:54,bus,0.5095470547676086,299,204,340,288
15,2026-01-05 11:15:54,car,0.5077431797981262,141,53,161,80
16,2026-01-05 11:15:54,car,0.6580305695533752,172,72,194,103
16,2026-01-05 11:15:54,car,0.6135886311531067,42,268,118,363
16,2026-01-05 11:15:54,train,0.5433385372161865,286,136,316,193
16,2026-01-05 11:15:54,car,0.5069297552108765,140,51,162,79
17,2026-01-05 11:15:54,car,0.7517604827880859,172,73,194,105
17,2026-01-05 11:15:54,car,0.6090961694717407,35,276,113,375
17,2026-01-05 11:15:54,car,0.58318030834198,141,52,162,80
18,2026-01-05 11:15:54,car,0.7251527309417725,171,75,194,107
18,2026-01-05 11:15:54,car,0.5774224996566772,140,53,162,80
18,2026-01-05 11:15:54,car,0.5556035041809082,27,284,110,387
18,2026-01-05 11:15:54,train,0.5552220344543457,287,136,316,196
18,2026-01-05 11:15:54,bus,0.5428521633148193,187,138,218,192
19,2026-01-05 11:15:54,car,0.72679603099823,171,79,193,109
19,2026-01-05 11:15:54,car,0.7241575717926025,20,292,104,399
19,2026-01-05 11:15:54,bus,0.6271306872367859,185,141,219,197
19,2026-01-05 11:15:54,train,0.5817924737930298,287,136,317,196
19,2026-01-05 11:15:54,car,0.5666647553443909,140,52,162,80
20,2026-01-05 11:15:54,car,0.6653659343719482,170,80,193,112
20,2026-01-05 11:15:54,train,0.6196373105049133,287,138,317,197
20,2026-01-05 11:15:54,car,0.5768488645553589,11,301,100,414
20,2026-01-05 11:15:54,car,0.5744057893753052,140,51,162,80
21,2026-01-05 11:15:55,car,0.6742038726806641,170,82,193,115
21,2026-01-05 11:15:55,train,0.6570396423339844,287,137,317,198
21,2026-01-05 11:15:55,car,0.638447642326355,3,309,95,427
21,2026-01-05 11:15:55,car,0.559910237789154,141,52,162,80
22,2026-01-05 11:15:55,car,0.7973520159721375,0,319,90,442
22,2026-01-05 11:15:55,car,0.7160253524780273,168,83,193,117
22,2026-01-05 11:15:55,train,0.6576573252677917,287,137,317,199
22,2026-01-05 11:15:55,car,0.553981602191925,141,53,162,80
23,2026-01-05 11:15:55,car,0.810696005821228,0,329,84,459
23,2026-01-05 11:15:55,train,0.6856346726417542,287,138,318,201
23,2026-01-05 11:15:55,car,0.537846565246582,141,52,162,80
24,2026-01-05 11:15:55,car,0.7404165863990784,0,341,78,474
24,2026-01-05 11:15:55,train,0.6833115816116333,287,140,318,202
24,2026-01-05 11:15:55,car,0.642763614654541,166,88,192,123
24,2026-01-05 11:15:55,car,0.5588303804397583,141,52,162,80
25,2026-01-05 11:15:55,car,0.5856949090957642,165,90,192,125
25,2026-01-05 11:15:55,car,0.5820990204811096,180,35,198,55
25,2026-01-05 11:15:55,train,0.5789687037467957,287,140,319,203
25,2026-01-05 11:15:55,car,0.5687386989593506,141,52,162,80
26,2026-01-05 11:15:55,car,0.6402556896209717,165,92,191,128
26,2026-01-05 11:15:55,car,0.6294341683387756,0,364,64,477
26,2026-01-05 11:15:55,car,0.6020125150680542,140,53,162,81
26,2026-01-05 11:15:55,train,0.5583279728889465,287,140,319,203
26,2026-01-05 11:15:55,car,0.5298303961753845,179,36,198,55
27,2026-01-05 11:15:55,car,0.6222915053367615,164,95,191,132
27,2026-01-05 11:15:55,car,0.6202974915504456,0,377,57,477
27,2026-01-05 11:15:55,car,0.6188753843307495,141,52,162,80
27,2026-01-05 11:15:55,train,0.5288452506065369,287,140,319,204
28,2026-01-05 11:15:55,car,0.6225505471229553,141,52,162,80
28,2026-01-05 11:15:55,train,0.5670173168182373,287,144,319,205
28,2026-01-05 11:15:55,car,0.5477937459945679,162,98,189,135
28,2026-01-05 11:15:55,car,0.5164201259613037,201,15,215,31
29,2026-01-05 11:15:55,car,0.6178632974624634,141,52,162,81
29,2026-01-05 11:15:55,train,0.5819418430328369,287,145,319,205
29,2026-01-05 11:15:55,car,0.570123016834259,161,102,190,137
30,2026-01-05 11:15:55,car,0.6287587881088257,141,52,162,81
30,2026-01-05 11:15:55,train,0.5227072834968567,287,147,319,206
31,2026-01-05 11:15:56,car,0.6300918459892273,141,52,162,81
31,2026-01-05 11:15:56,car,0.5845152139663696,159,108,188,144
32,2026-01-05 11:15:56,car,0.61381995677948,141,54,162,81
32,2026-01-05 11:15:56,car,0.5962278842926025,156,109,186,148
33,2026-01-05 11:15:56,car,0.6261335611343384,141,54,162,81
33,2026-01-05 11:15:56,car,0.6208945512771606,180,44,199,64
33,2026-01-05 11:15:56,car,0.604234516620636,202,19,216,35
33,2026-01-05 11:15:56,car,0.5120834708213806,156,114,185,151
34,2026-01-05 11:15:56,car,0.6403319835662842,141,54,162,81
34,2026-01-05 11:15:56,car,0.5741033554077148,155,113,184,154
34,2026-01-05 11:15:56,car,0.5497882962226868,201,19,216,36
34,2026-01-05 11:15:56,car,0.5056250095367432,180,45,199,66
35,2026-01-05 11:15:56,car,0.642620325088501,154,114,183,158
35,2026-01-05 11:15:56,car,0.6272668242454529,180,47,199,67
35,2026-01-05 11:15:56,car,0.6260027885437012,141,54,162,81
35,2026-01-05 11:15:56,car,0.5683972835540771,201,19,216,36
36,2026-01-05 11:15:56,car,0.6495009660720825,141,54,162,81
36,2026-01-05 11:15:56,car,0.6460233330726624,152,118,183,162
36,2026-01-05 11:15:56,car,0.6452455520629883,179,47,199,69
36,2026-01-05 11:15:56,car,0.5097407102584839,201,19,216,37
37,2026-01-05 11:15:56,car,0.6962051391601562,150,126,181,165
37,2026-01-05 11:15:56,car,0.6508277654647827,141,54,162,82
37,2026-01-05 11:15:56,car,0.5668894052505493,179,49,199,71
38,2026-01-05 11:15:56,car,0.7216984629631042,179,50,199,72
38,2026-01-05 11:15:56,car,0.6933147311210632,149,127,179,170
38,2026-01-05 11:15:56,car,0.6664860844612122,141,54,161,82
38,2026-01-05 11:15:56,car,0.563784658908844,202,20,217,39
39,2026-01-05 11:15:56,car,0.7657825946807861,180,51,199,74
39,2026-01-05 11:15:56,car,0.7368543148040771,559,218,606,259
39,2026-01-05 11:15:56,car,0.6843765377998352,141,54,161,82
39,2026-01-05 11:15:56,car,0.5853559970855713,147,128,179,174
39,2026-01-05 11:15:56,car,0.585195779800415,203,21,217,39
40,2026-01-05 11:15:56,car,0.8031822443008423,180,52,199,75
40,2026-01-05 11:15:56,car,0.7660785913467407,555,222,604,263
40,2026-01-05 11:15:56,car,0.6731575727462769,141,54,162,82
40,2026-01-05 11:15:56,train,0.5146556496620178,287,153,320,215
41,2026-01-05 11:15:56,car,0.8023287653923035,179,55,199,76
41,2026-01-05 11:15:56,car,0.7895376086235046,551,208,605,267
41,2026-01-05 11:15:56,car,0.6800954937934875,141,54,162,82
41,2026-01-05 11:15:56,train,0.5340890884399414,288,153,320,216
41,2026-01-05 11:15:56,car,0.5147104263305664,141,134,178,184
42,2026-01-05 11:15:57,car,0.7084301710128784,179,56,199,78
42,2026-01-05 11:15:57,car,0.6756023168563843,548,209,605,271
42,2026-01-05 11:15:57,car,0.6344286203384399,141,54,162,82
42,2026-01-05 11:15:57,train,0.5032995343208313,288,153,320,217
43,2026-01-05 11:15:57,car,0.7246205806732178,544,210,605,275
43,2026-01-05 11:15:57,car,0.7242954969406128,179,56,199,81
43,2026-01-05 11:15:57,car,0.6275843977928162,141,54,162,82
43,2026-01-05 11:15:57,car,0.5298445224761963,138,140,176,194
43,2026-01-05 11:15:57,train,0.5161018967628479,288,154,321,218
44,2026-01-05 11:15:57,car,0.7170097827911377,541,209,605,278
44,2026-01-05 11:15:57,train,0.660844624042511,114,267,187,386
44,2026-01-05 11:15:57,car,0.6154388189315796,141,54,162,82
44,2026-01-05 11:15:57,car,0.5874850749969482,179,58,199,82
45,2026-01-05 11:15:57,car,0.6872456073760986,537,216,604,283
45,2026-01-05 11:15:57,car,0.6079691648483276,141,54,162,82
45,2026-01-05 11:15:57,train,0.5465254187583923,288,155,321,219
45,2026-01-05 11:15:57,car,0.5420515537261963,179,59,199,84
46,2026-01-05 11:15:57,car,0.6529138684272766,533,209,603,288
46,2026-01-05 11:15:57,car,0.6391531229019165,141,54,162,83
46,2026-01-05 11:15:57,train,0.5937871336936951,288,155,321,220
46,2026-01-05 11:15:57,car,0.5708775520324707,179,61,199,85
47,2026-01-05 11:15:57,car,0.7498106360435486,530,212,601,292
47,2026-01-05 11:15:57,car,0.7257571816444397,178,64,200,87
47,2026-01-05 11:15:57,car,0.6348634362220764,141,55,162,83
47,2026-01-05 11:15:57,train,0.5838090181350708,288,156,321,221
47,2026-01-05 11:15:57,car,0.5401450395584106,203,28,218,47
47,2026-01-05 11:15:57,car,0.5222602486610413,125,155,170,217
47,2026-01-05 11:15:57,train,0.5084394216537476,96,291,177,430
48,2026-01-05 11:15:57,car,0.6536058783531189,178,64,200,89
48,2026-01-05 11:15:57,car,0.6456101536750793,141,55,162,83
48,2026-01-05 11:15:57,car,0.6261147856712341,526,215,598,295
48,2026-01-05 11:15:57,train,0.5657306909561157,288,156,322,221
49,2026-01-05 11:15:57,car,0.7260867953300476,523,218,594,300
49,2026-01-05 11:15:57,car,0.6255375742912292,178,66,199,91
49,2026-01-05 11:15:57,car,0.6203790307044983,141,55,162,83
49,2026-01-05 11:15:57,train,0.6184163093566895,288,156,322,221
49,2026-01-05 11:15:57,train,0.5441157221794128,83,311,171,462
50,2026-01-05 11:15:57,train,0.8465454578399658,74,322,168,479
50,2026-01-05 11:15:57,car,0.7508907318115234,519,222,591,305
50,2026-01-05 11:15:57,car,0.7206901907920837,178,68,199,93
50,2026-01-05 11:15:57,car,0.6361997723579407,141,55,162,83
50,2026-01-05 11:15:57,train,0.5806822180747986,288,156,322,222
51,2026-01-05 11:15:57,car,0.6400469541549683,141,55,162,83
51,2026-01-05 11:15:57,car,0.63507479429245,516,227,588,310
51,2026-01-05 11:15:57,train,0.6322495341300964,70,333,162,480
51,2026-01-05 11:15:57,car,0.6046891212463379,178,70,199,95
52,2026-01-05 11:15:57,car,0.7828629016876221,177,72,200,98
52,2026-01-05 11:15:57,car,0.5904941558837891,141,55,162,83
53,2026-01-05 11:15:58,car,0.6937659978866577,508,232,581,320
53,2026-01-05 11:15:58,car,0.6845456957817078,177,74,199,99
53,2026-01-05 11:15:58,car,0.5984779596328735,141,55,162,83
53,2026-01-05 11:15:58,car,0.5072776079177856,302,240,350,336
54,2026-01-05 11:15:58,car,0.7473568916320801,504,236,578,325
54,2026-01-05 11:15:58,car,0.7205507159233093,177,76,199,101
54,2026-01-05 11:15:58,car,0.5474129319190979,141,55,162,83
55,2026-01-05 11:15:58,car,0.7835617065429688,176,78,199,104
55,2026-01-05 11:15:58,car,0.7779978513717651,500,240,575,333
55,2026-01-05 11:15:58,car,0.5582559108734131,141,55,162,83
56,2026-01-05 11:15:58,car,0.7643997073173523,497,245,572,337
56,2026-01-05 11:15:58,car,0.7274141311645508,174,81,198,106
56,2026-01-05 11:15:58,car,0.5780381560325623,141,55,162,83
57,2026-01-05 11:15:58,car,0.6947667598724365,174,82,199,109
57,2026-01-05 11:15:58,car,0.6544326543807983,493,248,568,343
57,2026-01-05 11:15:58,car,0.6153799295425415,141,55,162,83
58,2026-01-05 11:15:58,car,0.6971514225006104,490,252,565,349
58,2026-01-05 11:15:58,car,0.6623731851577759,141,55,162,83
58,2026-01-05 11:15:58,car,0.6252367496490479,175,83,199,111
58,2026-01-05 11:15:58,car,0.504838228225708,205,37,220,57
59,2026-01-05 11:15:58,car,0.7546349167823792,486,256,562,356
59,2026-01-05 11:15:58,car,0.6776193380355835,141,55,162,83
59,2026-01-05 11:15:58,car,0.60597825050354,174,84,199,113
59,2026-01-05 11:15:58,car,0.5531771183013916,302,245,352,347
60,2026-01-05 11:15:58,car,0.758500874042511,482,259,559,362
60,2026-01-05 11:15:58,car,0.6862594485282898,174,87,198,116
60,2026-01-05 11:15:58,car,0.6842761039733887,141,55,162,83
60,2026-01-05 11:15:58,car,0.5225611925125122,303,247,353,348
61,2026-01-05 11:15:58,car,0.750105082988739,478,265,556,368
61,2026-01-05 11:15:58,car,0.6632528901100159,141,55,162,83
61,2026-01-05 11:15:58,car,0.6355762481689453,173,89,197,118
61,2026-01-05 11:15:58,car,0.5263903141021729,303,249,353,350
62,2026-01-05 11:15:58,car,0.7581545114517212,474,268,553,375
62,2026-01-05 11:15:58,car,0.6810029745101929,141,55,162,83
62,2026-01-05 11:15:58,car,0.6696161031723022,173,92,197,121
62,2026-01-05 11:15:58,bus,0.5655940175056458,289,165,322,232
62,2026-01-05 11:15:58,car,0.5215561985969543,51,245,129,351
62,2026-01-05 11:15:58,car,0.5088616609573364,303,250,353,351
63,2026-01-05 11:15:58,car,0.7377750277519226,471,274,550,383
63,2026-01-05 11:15:58,car,0.7211751341819763,140,56,162,83
63,2026-01-05 11:15:58,bus,0.6354538202285767,290,166,322,234
63,2026-01-05 11:15:58,car,0.5627244710922241,172,94,195,123
63,2026-01-05 11:15:58,car,0.5134180188179016,302,251,353,353
64,2026-01-05 11:15:59,car,0.7370994687080383,467,279,547,390
64,2026-01-05 11:15:59,car,0.7286292314529419,141,57,162,83
64,2026-01-05 11:15:59,bus,0.6016711592674255,289,166,323,234
64,2026-01-05 11:15:59,car,0.5959739685058594,171,97,195,127
65,2026-01-05 11:15:59,car,0.7734261751174927,463,283,544,399
65,2026-01-05 11:15:59,car,0.7287212610244751,141,57,162,83
65,2026-01-05 11:15:59,car,0.70382159948349,171,99,195,130
65,2026-01-05 11:15:59,car,0.5416807532310486,302,253,353,357
66,2026-01-05 11:15:59,car,0.7624010443687439,460,289,540,407
66,2026-01-05 11:15:59,car,0.7281922698020935,141,57,162,84
66,2026-01-05 11:15:59,car,0.6706300377845764,169,100,194,133
67,2026-01-05 11:15:59,car,0.8002222180366516,456,294,537,416
67,2026-01-05 11:15:59,car,0.7260082960128784,141,57,162,84
67,2026-01-05 11:15:59,car,0.6598864197731018,168,103,194,136
67,2026-01-05 11:15:59,car,0.577528178691864,5,292,105,427
68,2026-01-05 11:15:59,car,0.7923555374145508,452,299,534,425
68,2026-01-05 11:15:59,car,0.7202946543693542,141,57,162,84
68,2026-01-05 11:15:59,car,0.6657816171646118,167,106,194,139
69,2026-01-05 11:15:59,car,0.7443745732307434,448,305,531,435
69,2026-01-05 11:15:59,car,0.7112221717834473,141,57,163,84
69,2026-01-05 11:15:59,car,0.678948700428009,166,109,193,142
70,2026-01-05 11:15:59,car,0.7752165198326111,444,311,528,444
70,2026-01-05 11:15:59,car,0.7352710366249084,140,57,163,84
70,2026-01-05 11:15:59,car,0.6268950700759888,166,111,192,146
70,2026-01-05 11:15:59,car,0.5945307016372681,0,327,86,477
70,2026-01-05 11:15:59,train,0.5006822347640991,289,171,323,239
71,2026-01-05 11:15:59,car,0.7760852575302124,440,318,524,454
71,2026-01-05 11:15:59,car,0.7192124128341675,141,57,163,84
71,2026-01-05 11:15:59,car,0.6010428667068481,0,341,79,479
71,2026-01-05 11:15:59,car,0.5955445170402527,165,112,192,149
72,2026-01-05 11:15:59,car,0.7878696322441101,436,324,522,465
72,2026-01-05 11:15:59,car,0.6937673091888428,141,57,163,84
72,2026-01-05 11:15:59,car,0.6476679444313049,0,355,70,479
73,2026-01-05 11:15:59,car,0.6946109533309937,432,331,518,476
73,2026-01-05 11:15:59,car,0.6759108304977417,141,57,163,84
73,2026-01-05 11:15:59,car,0.5783900618553162,162,118,192,156
73,2026-01-05 11:15:59,car,0.5421267747879028,302,266,354,376
73,2026-01-05 11:15:59,car,0.5405997633934021,205,51,223,74
74,2026-01-05 11:15:59,car,0.6745762228965759,428,338,516,479
74,2026-01-05 11:15:59,car,0.664118766784668,141,57,163,84
74,2026-01-05 11:15:59,car,0.5071484446525574,302,267,354,379
75,2026-01-05 11:16:00,car,0.6656129360198975,141,57,163,84
75,2026-01-05 11:16:00,car,0.6492790579795837,424,345,512,480
75,2026-01-05 11:16:00,car,0.50020831823349,303,269,354,382
76,2026-01-05 11:16:00,car,0.6603398323059082,141,57,163,84
76,2026-01-05 11:16:00,car,0.5931557416915894,302,270,355,385
76,2026-01-05 11:16:00,car,0.5678199529647827,206,55,223,78
76,2026-01-05 11:16:00,car,0.531501054763794,421,352,509,479
77,2026-01-05 11:16:00,car,0.7391829490661621,419,361,507,479
77,2026-01-05 11:16:00,car,0.6921519637107849,141,58,163,84
77,2026-01-05 11:16:00,car,0.6218222379684448,303,273,355,388
77,2026-01-05 11:16:00,car,0.5877634286880493,205,56,224,79
77,2026-01-05 11:16:00,car,0.5517462491989136,156,134,186,172
78,2026-01-05 11:16:00,car,0.7001839280128479,141,57,163,84
78,2026-01-05 11:16:00,car,0.5714215636253357,417,369,503,479
78,2026-01-05 11:16:00,car,0.547191321849823,303,274,356,391
78,2026-01-05 11:16:00,car,0.5195283889770508,205,57,224,81
79,2026-01-05 11:16:00,car,0.6886757612228394,141,58,163,85
79,2026-01-05 11:16:00,car,0.6375011801719666,303,276,356,394
79,2026-01-05 11:16:00,car,0.5560129284858704,414,378,500,479
79,2026-01-05 11:16:00,car,0.549120306968689,205,58,224,82
80,2026-01-05 11:16:00,car,0.6454095244407654,141,58,163,85
80,2026-01-05 11:16:00,car,0.6015434861183167,303,278,356,399
80,2026-01-05 11:16:00,car,0.595516562461853,204,59,224,84
80,2026-01-05 11:16:00,car,0.5714366436004639,150,141,185,186
81,2026-01-05 11:16:00,car,0.6573580503463745,148,144,184,190
81,2026-01-05 11:16:00,car,0.6291710138320923,141,58,163,85
81,2026-01-05 11:16:00,car,0.5609729886054993,204,59,224,85
81,2026-01-05 11:16:00,car,0.5288927555084229,303,280,357,400
82,2026-01-05 11:16:00,car,0.6293309926986694,141,57,163,85
82,2026-01-05 11:16:00,car,0.5238837599754333,205,60,225,87
83,2026-01-05 11:16:00,car,0.6161114573478699,141,57,163,85
83,2026-01-05 11:16:00,car,0.5710641741752625,205,62,225,88
84,2026-01-05 11:16:00,car,0.6413846611976624,141,57,163,85
84,2026-01-05 11:16:00,car,0.6274296045303345,204,63,225,89
85,2026-01-05 11:16:01,car,0.6417184472084045,141,57,163,85
85,2026-01-05 11:16:01,car,0.568500816822052,204,64,224,91
86,2026-01-05 11:16:01,car,0.636117696762085,141,57,163,85
87,2026-01-05 11:16:01,car,0.6348811388015747,141,57,163,86
88,2026-01-05 11:16:01,car,0.611516535282135,141,57,163,86
89,2026-01-05 11:16:01,car,0.6188864707946777,142,57,163,86
90,2026-01-05 11:16:01,car,0.5989058017730713,142,58,163,86
90,2026-01-05 11:16:01,car,0.5220108032226562,123,187,163,246
91,2026-01-05 11:16:01,car,0.5770086646080017,141,58,163,86
91,2026-01-05 11:16:01,car,0.5384935736656189,119,188,169,252
92,2026-01-05 11:16:01,car,0.6020373702049255,204,74,225,102
92,2026-01-05 11:16:01,car,0.5917006731033325,142,59,163,86
92,2026-01-05 11:16:01,car,0.5013399124145508,115,192,168,260
93,2026-01-05 11:16:01,car,0.6325305104255676,142,58,163,86
94,2026-01-05 11:16:01,car,0.6124730706214905,142,59,163,86
94,2026-01-05 11:16:01,car,0.555698573589325,205,76,225,106
95,2026-01-05 11:16:01,car,0.6013513207435608,142,59,163,86
95,2026-01-05 11:16:01,car,0.5478786826133728,305,313,364,463
96,2026-01-05 11:16:02,car,0.608005166053772,142,59,163,86
96,2026-01-05 11:16:02,car,0.5724380016326904,204,80,226,110
97,2026-01-05 11:16:02,car,0.6050809025764465,142,59,163,86
97,2026-01-05 11:16:02,car,0.5509347319602966,91,224,155,305
98,2026-01-05 11:16:02,car,0.595737874507904,142,59,163,86
98,2026-01-05 11:16:02,car,0.5717018246650696,202,83,226,113
99,2026-01-05 11:16:02,car,0.5982023477554321,203,84,225,115
99,2026-01-05 11:16:02,car,0.5949662923812866,305,328,364,477
99,2026-01-05 11:16:02,car,0.5825512409210205,142,59,163,86
100,2026-01-05 11:16:02,car,0.6033790111541748,142,58,164,87
100,2026-01-05 11:16:02,car,0.5229452252388,307,331,365,478
100,2026-01-05 11:16:02,car,0.5091810822486877,203,86,226,118
101,2026-01-05 11:16:02,car,0.6132526993751526,142,58,164,86
101,2026-01-05 11:16:02,car,0.5668006539344788,65,252,140,351
101,2026-01-05 11:16:02,car,0.501053512096405,308,334,365,479
102,2026-01-05 11:16:02,car,0.6725539565086365,58,262,137,365
102,2026-01-05 11:16:02,car,0.6203376054763794,142,58,164,86
102,2026-01-05 11:16:02,car,0.5525447726249695,309,338,365,480
103,2026-01-05 11:16:02,car,0.6423914432525635,142,58,164,86
103,2026-01-05 11:16:02,car,0.5892089009284973,49,271,131,378
104,2026-01-05 11:16:02,car,0.639948844909668,142,58,164,86
104,2026-01-05 11:16:02,car,0.5471147894859314,40,279,128,392
105,2026-01-05 11:16:02,car,0.640716552734375,31,290,122,408
105,2026-01-05 11:16:02,car,0.6374077796936035,142,58,164,87
106,2026-01-05 11:16:03,car,0.6322310566902161,143,58,163,87
106,2026-01-05 11:16:03,car,0.6153213977813721,22,300,116,425
107,2026-01-05 11:16:03,car,0.658821165561676,142,58,164,87
107,2026-01-05 11:16:03,car,0.6036077737808228,10,312,111,443
107,2026-01-05 11:16:03,car,0.587532639503479,202,99,225,134
108,2026-01-05 11:16:03,car,0.6559147834777832,142,58,164,87
109,2026-01-05 11:16:03,car,0.6236027479171753,143,59,163,87
109,2026-01-05 11:16:03,car,0.5474153757095337,0,335,98,479
110,2026-01-05 11:16:03,car,0.646976888179779,142,59,163,88
110,2026-01-05 11:16:03,car,0.5994170308113098,202,105,226,141
111,2026-01-05 11:16:03,car,0.6845923662185669,142,59,163,88
112,2026-01-05 11:16:03,car,0.7298480272293091,143,59,163,88
113,2026-01-05 11:16:03,car,0.7257699966430664,143,59,163,88
113,2026-01-05 11:16:03,car,0.5251770615577698,201,112,225,149
114,2026-01-05 11:16:03,car,0.7472682595252991,143,59,163,88
115,2026-01-05 11:16:03,car,0.7497171759605408,143,59,163,88
116,2026-01-05 11:16:03,car,0.7401841878890991,143,59,163,88
116,2026-01-05 11:16:03,car,0.5006667375564575,292,215,333,300
117,2026-01-05 11:16:04,car,0.7405619621276855,143,60,163,88
118,2026-01-05 11:16:04,car,0.7431410551071167,143,61,163,88
119,2026-01-05 11:16:04,car,0.7456206679344177,143,61,163,88
120,2026-01-05 11:16:04,car,0.7336832284927368,143,61,163,88
121,2026-01-05 11:16:04,car,0.7161830067634583,143,61,163,88
121,2026-01-05 11:16:04,car,0.5038376450538635,226,18,240,31
121,2026-01-05 11:16:04,car,0.5007385015487671,292,224,334,313
122,2026-01-05 11:16:04,car,0.7011839151382446,142,61,163,88
122,2026-01-05 11:16:04,car,0.6132349967956543,292,225,335,316
122,2026-01-05 11:16:04,car,0.5742162466049194,226,19,240,32
123,2026-01-05 11:16:04,car,0.709409773349762,143,61,163,88
123,2026-01-05 11:16:04,car,0.549113392829895,291,227,335,318
123,2026-01-05 11:16:04,car,0.5384058952331543,227,21,240,33
124,2026-01-05 11:16:04,car,0.7100573182106018,143,61,163,88
124,2026-01-05 11:16:04,car,0.5194550156593323,291,228,336,320
125,2026-01-05 11:16:04,car,0.7125564813613892,143,61,163,88
125,2026-01-05 11:16:04,car,0.573197603225708,291,230,336,324
125,2026-01-05 11:16:04,car,0.5058676600456238,227,21,240,34
126,2026-01-05 11:16:04,car,0.7074445486068726,143,62,163,88
126,2026-01-05 11:16:04,car,0.6354213953018188,292,233,335,327
127,2026-01-05 11:16:04,car,0.7182146310806274,143,61,163,88
127,2026-01-05 11:16:04,car,0.6398797631263733,292,236,336,330
128,2026-01-05 11:16:05,car,0.7085351347923279,143,61,163,88
128,2026-01-05 11:16:05,car,0.6654781103134155,292,237,336,333
129,2026-01-05 11:16:05,car,0.7064372897148132,143,61,163,88
129,2026-01-05 11:16:05,car,0.6080543398857117,292,240,336,336
129,2026-01-05 11:16:05,car,0.5830729007720947,229,23,242,38
129,2026-01-05 11:16:05,car,0.5479581356048584,203,23,217,39
130,2026-01-05 11:16:05,car,0.7148506045341492,143,61,163,88
130,2026-01-05 11:16:05,car,0.6879944205284119,229,23,242,38
130,2026-01-05 11:16:05,car,0.666806697845459,292,241,336,341
130,2026-01-05 11:16:05,car,0.5641587376594543,203,24,218,40
131,2026-01-05 11:16:05,car,0.7159676551818848,143,61,163,88
131,2026-01-05 11:16:05,car,0.7013978958129883,293,244,337,344
131,2026-01-05 11:16:05,car,0.671332836151123,229,23,243,39
131,2026-01-05 11:16:05,car,0.6358458995819092,203,66,223,88
131,2026-01-05 11:16:05,car,0.5607989430427551,204,24,218,40
132,2026-01-05 11:16:05,car,0.7308337688446045,143,61,163,88
132,2026-01-05 11:16:05,car,0.610596776008606,292,246,337,347
132,2026-01-05 11:16:05,car,0.5848833918571472,203,66,223,90
132,2026-01-05 11:16:05,car,0.5761111974716187,229,23,244,39
132,2026-01-05 11:16:05,car,0.5233415961265564,203,25,218,40
133,2026-01-05 11:16:05,car,0.7528986930847168,143,61,163,88
133,2026-01-05 11:16:05,car,0.6243688464164734,292,249,337,350
133,2026-01-05 11:16:05,car,0.5477010011672974,204,66,223,91
133,2026-01-05 11:16:05,car,0.5191226005554199,229,23,244,40
134,2026-01-05 11:16:05,car,0.7362816333770752,143,61,163,88
134,2026-01-05 11:16:05,car,0.6953765153884888,292,251,337,354
134,2026-01-05 11:16:05,car,0.5945166349411011,204,67,223,93
134,2026-01-05 11:16:05,car,0.5318448543548584,203,26,218,42
135,2026-01-05 11:16:05,car,0.7322413325309753,143,61,163,88
135,2026-01-05 11:16:05,car,0.6699198484420776,292,254,338,359
135,2026-01-05 11:16:05,car,0.559914231300354,205,70,224,95
136,2026-01-05 11:16:05,car,0.7231448888778687,143,62,163,89
136,2026-01-05 11:16:05,car,0.6481504440307617,291,257,338,363
136,2026-01-05 11:16:05,car,0.5407229065895081,205,71,223,96
137,2026-01-05 11:16:05,car,0.7481884360313416,143,62,163,89
137,2026-01-05 11:16:05,car,0.7338008284568787,204,73,224,97
137,2026-01-05 11:16:05,car,0.7224376201629639,291,260,338,367
137,2026-01-05 11:16:05,car,0.563072681427002,232,27,245,42
138,2026-01-05 11:16:05,car,0.7681390047073364,204,76,224,99
138,2026-01-05 11:16:05,car,0.7405404448509216,143,62,163,89
138,2026-01-05 11:16:05,car,0.6751999258995056,292,263,338,370
138,2026-01-05 11:16:05,car,0.5821463465690613,232,29,245,43
138,2026-01-05 11:16:05,car,0.550692617893219,202,51,219,71
138,2026-01-05 11:16:05,car,0.5139374136924744,203,25,219,45
139,2026-01-05 11:16:06,car,0.7359235882759094,143,62,163,89
139,2026-01-05 11:16:06,car,0.7039875984191895,204,76,224,100
139,2026-01-05 11:16:06,car,0.647123396396637,233,29,246,43
139,2026-01-05 11:16:06,car,0.6431697010993958,292,265,339,376
139,2026-01-05 11:16:06,car,0.57683926820755,204,26,219,46
140,2026-01-05 11:16:06,car,0.7376973032951355,143,62,163,89
140,2026-01-05 11:16:06,car,0.6787407994270325,291,268,339,382
140,2026-01-05 11:16:06,car,0.6648112535476685,204,76,224,102
140,2026-01-05 11:16:06,car,0.6247801780700684,232,29,247,44
140,2026-01-05 11:16:06,car,0.5323162078857422,201,52,219,73
141,2026-01-05 11:16:06,car,0.7372997403144836,143,62,163,89
141,2026-01-05 11:16:06,car,0.709537148475647,291,272,339,386
141,2026-01-05 11:16:06,car,0.6629623174667358,232,30,248,45
141,2026-01-05 11:16:06,car,0.6541140079498291,201,53,219,74
141,2026-01-05 11:16:06,car,0.6436139941215515,204,78,224,104
142,2026-01-05 11:16:06,car,0.7206150889396667,143,62,163,89
142,2026-01-05 11:16:06,car,0.7130981087684631,291,274,340,393
142,2026-01-05 11:16:06,car,0.7073016166687012,233,31,248,46
142,2026-01-05 11:16:06,car,0.6881927251815796,204,81,224,106
142,2026-01-05 11:16:06,car,0.6571372747421265,200,55,219,75
143,2026-01-05 11:16:06,car,0.7870456576347351,233,32,248,46
143,2026-01-05 11:16:06,car,0.7668107151985168,159,214,207,287
143,2026-01-05 11:16:06,car,0.7266451120376587,291,277,341,399
143,2026-01-05 11:16:06,car,0.7147921919822693,205,84,224,108
143,2026-01-05 11:16:06,car,0.6914934515953064,142,62,163,89
143,2026-01-05 11:16:06,car,0.6000545620918274,200,55,219,76
144,2026-01-05 11:16:06,car,0.7570022940635681,291,281,341,405
144,2026-01-05 11:16:06,car,0.7339177131652832,205,85,224,110
144,2026-01-05 11:16:06,car,0.6966987252235413,142,62,163,89
144,2026-01-05 11:16:06,car,0.6791622638702393,234,33,248,47
144,2026-01-05 11:16:06,car,0.6056710481643677,156,219,205,295
144,2026-01-05 11:16:06,car,0.5593067407608032,204,28,220,50
144,2026-01-05 11:16:06,car,0.5561156272888184,201,55,219,77
145,2026-01-05 11:16:06,car,0.7914963960647583,205,86,225,111
145,2026-01-05 11:16:06,car,0.7445865273475647,290,284,342,412
145,2026-01-05 11:16:06,car,0.7096970081329346,143,62,163,89
145,2026-01-05 11:16:06,car,0.6738524436950684,153,225,203,302
145,2026-01-05 11:16:06,car,0.5853834748268127,201,57,219,79
145,2026-01-05 11:16:06,car,0.5834437012672424,234,33,249,48
146,2026-01-05 11:16:06,car,0.7758404016494751,291,286,342,417
146,2026-01-05 11:16:06,car,0.7462985515594482,204,86,225,113
146,2026-01-05 11:16:06,car,0.7004441022872925,142,62,163,89
146,2026-01-05 11:16:06,car,0.6961754560470581,234,34,249,49
146,2026-01-05 11:16:06,car,0.5501706600189209,200,59,220,81
147,2026-01-05 11:16:06,car,0.7099189162254333,143,62,163,89
147,2026-01-05 11:16:06,car,0.6945556998252869,204,87,225,115
147,2026-01-05 11:16:06,car,0.6909297108650208,291,290,342,423
147,2026-01-05 11:16:06,car,0.6867196559906006,235,35,249,50
147,2026-01-05 11:16:06,car,0.6333576440811157,145,238,199,319
147,2026-01-05 11:16:06,car,0.5594418048858643,200,59,220,82
148,2026-01-05 11:16:06,car,0.7630565762519836,141,244,198,329
148,2026-01-05 11:16:06,car,0.711519718170166,143,62,163,89
148,2026-01-05 11:16:06,car,0.7056461572647095,235,36,249,51
148,2026-01-05 11:16:06,car,0.6935763955116272,205,91,225,117
148,2026-01-05 11:16:06,car,0.6674270629882812,290,296,343,431
148,2026-01-05 11:16:06,car,0.5510105490684509,200,60,220,83
148,2026-01-05 11:16:06,car,0.5310521125793457,205,34,221,53
149,2026-01-05 11:16:07,car,0.8239313364028931,136,250,196,339
149,2026-01-05 11:16:07,car,0.7141550779342651,143,62,163,89
149,2026-01-05 11:16:07,car,0.6539556980133057,290,299,343,437
149,2026-01-05 11:16:07,car,0.5995062589645386,204,92,225,119
149,2026-01-05 11:16:07,car,0.5919087529182434,235,37,249,52
149,2026-01-05 11:16:07,car,0.5394371747970581,200,62,221,84
149,2026-01-05 11:16:07,car,0.5244053602218628,205,34,221,54
150,2026-01-05 11:16:07,car,0.7310295701026917,143,62,163,89
150,2026-01-05 11:16:07,car,0.7198305130004883,236,37,251,52
150,2026-01-05 11:16:07,car,0.6946698427200317,203,93,225,121
150,2026-01-05 11:16:07,car,0.654758632183075,290,303,343,445
150,2026-01-05 11:16:07,car,0.6354230046272278,134,257,193,350
150,2026-01-05 11:16:07,car,0.5624125599861145,200,62,221,85
150,2026-01-05 11:16:07,car,0.5398545265197754,205,34,221,55
151,2026-01-05 11:16:07,car,0.7932752370834351,236,38,252,53
151,2026-01-05 11:16:07,car,0.740893542766571,129,265,191,361
151,2026-01-05 11:16:07,car,0.7321400046348572,143,62,163,89
151,2026-01-05 11:16:07,car,0.6163406372070312,203,94,225,123
151,2026-01-05 11:16:07,car,0.528162956237793,205,36,221,55
152,2026-01-05 11:16:07,car,0.7981519103050232,237,38,253,54
152,2026-01-05 11:16:07,car,0.7516395449638367,143,62,163,88
152,2026-01-05 11:16:07,car,0.5905008316040039,288,311,344,459
152,2026-01-05 11:16:07,car,0.5725051760673523,200,64,221,89
152,2026-01-05 11:16:07,car,0.5300369262695312,203,98,225,126
153,2026-01-05 11:16:07,car,0.7413042783737183,237,38,253,55
153,2026-01-05 11:16:07,car,0.7384616136550903,143,62,163,88
153,2026-01-05 11:16:07,car,0.5714919567108154,120,281,186,384
153,2026-01-05 11:16:07,car,0.5617489218711853,203,99,224,128
153,2026-01-05 11:16:07,car,0.5351942777633667,201,67,221,90
153,2026-01-05 11:16:07,car,0.5129588842391968,287,316,345,466
154,2026-01-05 11:16:07,car,0.7977860569953918,114,290,183,398
154,2026-01-05 11:16:07,car,0.7304456233978271,143,62,163,89
154,2026-01-05 11:16:07,car,0.6613107323646545,238,39,254,56
154,2026-01-05 11:16:07,car,0.6013793349266052,201,68,222,92
154,2026-01-05 11:16:07,car,0.5987085700035095,203,101,225,131
154,2026-01-05 11:16:07,car,0.5626809000968933,205,39,223,58
154,2026-01-05 11:16:07,car,0.5626317262649536,286,319,345,474
155,2026-01-05 11:16:07,car,0.7223081588745117,143,62,163,89
155,2026-01-05 11:16:07,car,0.6609012484550476,201,69,222,93
155,2026-01-05 11:16:07,car,0.5664238333702087,238,39,254,57
155,2026-01-05 11:16:07,car,0.5655551552772522,205,40,222,59
155,2026-01-05 11:16:07,car,0.5193649530410767,286,324,346,479
155,2026-01-05 11:16:07,car,0.5085366368293762,108,297,180,412
156,2026-01-05 11:16:07,car,0.7877027988433838,102,308,176,429
156,2026-01-05 11:16:07,car,0.716558575630188,143,62,163,89
156,2026-01-05 11:16:07,car,0.6842954158782959,239,40,254,58
156,2026-01-05 11:16:07,car,0.6611090898513794,201,70,222,95
156,2026-01-05 11:16:07,car,0.5931215286254883,205,40,222,60
156,2026-01-05 11:16:07,car,0.5001213550567627,202,20,215,34
157,2026-01-05 11:16:07,car,0.7316322922706604,240,40,255,58
157,2026-01-05 11:16:07,car,0.7088713645935059,143,62,163,89
157,2026-01-05 11:16:07,car,0.6815191507339478,200,71,222,97
157,2026-01-05 11:16:07,car,0.6346553564071655,95,319,172,445
157,2026-01-05 11:16:07,car,0.6197311878204346,202,106,226,138
157,2026-01-05 11:16:07,car,0.5510143041610718,205,42,222,61
158,2026-01-05 11:16:07,car,0.738418459892273,87,329,170,461
158,2026-01-05 11:16:07,car,0.7019088268280029,143,62,163,89
158,2026-01-05 11:16:07,car,0.6851565837860107,201,73,222,98
158,2026-01-05 11:16:07,car,0.6201708316802979,202,109,225,140
158,2026-01-05 11:16:07,car,0.566828727722168,240,41,256,59
158,2026-01-05 11:16:07,car,0.5439803600311279,206,43,222,62
159,2026-01-05 11:16:07,car,0.7199162840843201,202,110,226,142
159,2026-01-05 11:16:07,car,0.705155074596405,79,341,165,477
159,2026-01-05 11:16:07,car,0.6974177956581116,143,62,163,89
159,2026-01-05 11:16:07,car,0.6767014861106873,202,74,222,99
159,2026-01-05 11:16:07,car,0.6668466329574585,240,43,256,60
159,2026-01-05 11:16:07,car,0.5373931527137756,206,44,222,63
160,2026-01-05 11:16:08,car,0.7129887938499451,201,76,222,100
160,2026-01-05 11:16:08,car,0.7062129378318787,143,63,163,89
160,2026-01-05 11:16:08,car,0.6873705387115479,202,112,225,145
160,2026-01-05 11:16:08,car,0.6292188763618469,240,43,257,61
160,2026-01-05 11:16:08,car,0.5487977862358093,226,24,240,39
161,2026-01-05 11:16:08,car,0.6666253209114075,142,63,163,89
161,2026-01-05 11:16:08,car,0.6598355174064636,201,77,222,102
161,2026-01-05 11:16:08,car,0.646759033203125,202,113,224,147
161,2026-01-05 11:16:08,car,0.5807535648345947,227,24,241,40
161,2026-01-05 11:16:08,car,0.5756030082702637,240,43,257,61
162,2026-01-05 11:16:08,car,0.6826701164245605,142,63,163,89
162,2026-01-05 11:16:08,car,0.6609953045845032,227,26,241,40
162,2026-01-05 11:16:08,car,0.6539691686630249,201,78,222,105
162,2026-01-05 11:16:08,car,0.5747871398925781,241,43,257,63
162,2026-01-05 11:16:08,car,0.5326329469680786,202,23,217,38
163,2026-01-05 11:16:08,car,0.6883642673492432,201,79,222,107
163,2026-01-05 11:16:08,car,0.6842447519302368,228,27,241,40
163,2026-01-05 11:16:08,car,0.6783231496810913,142,63,163,89
163,2026-01-05 11:16:08,car,0.6688424944877625,200,117,223,152
163,2026-01-05 11:16:08,car,0.5869972705841064,202,24,217,38
164,2026-01-05 11:16:08,car,0.6962979435920715,142,63,163,89
164,2026-01-05 11:16:08,car,0.6769875288009644,228,27,242,41
164,2026-01-05 11:16:08,car,0.6475006341934204,201,81,222,108
164,2026-01-05 11:16:08,car,0.5840391516685486,199,120,224,155
164,2026-01-05 11:16:08,car,0.5664750337600708,202,23,217,39
165,2026-01-05 11:16:08,car,0.6946325898170471,228,29,242,42
165,2026-01-05 11:16:08,car,0.6793211698532104,142,63,163,89
165,2026-01-05 11:16:08,car,0.6661895513534546,201,83,222,110
165,2026-01-05 11:16:08,car,0.5790259838104248,199,122,223,159
165,2026-01-05 11:16:08,car,0.5631121397018433,242,46,259,66
166,2026-01-05 11:16:08,car,0.6987096071243286,228,28,242,43
166,2026-01-05 11:16:08,car,0.6315515041351318,197,123,222,162
166,2026-01-05 11:16:08,car,0.6297486424446106,142,64,163,89
166,2026-01-05 11:16:08,car,0.6030173301696777,207,49,224,70
166,2026-01-05 11:16:08,car,0.5944738984107971,201,84,222,112
166,2026-01-05 11:16:08,car,0.5388578176498413,243,47,260,67
167,2026-01-05 11:16:08,car,0.6974604725837708,207,50,224,71
167,2026-01-05 11:16:08,car,0.6235983371734619,142,63,163,89
167,2026-01-05 11:16:08,car,0.59422367811203,229,29,243,43
167,2026-01-05 11:16:08,car,0.5882114171981812,200,86,222,114
167,2026-01-05 11:16:08,car,0.5848187804222107,197,125,223,166
167,2026-01-05 11:16:08,car,0.5475391745567322,203,26,218,42
168,2026-01-05 11:16:08,car,0.6689561605453491,206,51,224,72
168,2026-01-05 11:16:08,car,0.6501495838165283,142,63,163,89
168,2026-01-05 11:16:08,car,0.643653154373169,200,87,223,116
168,2026-01-05 11:16:08,car,0.62508225440979,229,28,243,43
168,2026-01-05 11:16:08,car,0.5601580142974854,244,49,262,69
168,2026-01-05 11:16:08,car,0.5521567463874817,203,26,218,43
169,2026-01-05 11:16:08,car,0.666853666305542,229,29,244,44
169,2026-01-05 11:16:08,car,0.6472983956336975,203,27,218,44
169,2026-01-05 11:16:08,car,0.6444566249847412,195,132,222,173
169,2026-01-05 11:16:08,car,0.6351485252380371,142,63,163,89
169,2026-01-05 11:16:08,car,0.6105779409408569,207,51,224,73
169,2026-01-05 11:16:08,car,0.590819239616394,200,90,222,118
169,2026-01-05 11:16:08,car,0.5208979845046997,245,49,262,70
170,2026-01-05 11:16:08,car,0.6592965126037598,142,63,163,89
170,2026-01-05 11:16:08,car,0.6575437784194946,200,92,222,120
170,2026-01-05 11:16:08,car,0.6056907773017883,203,28,218,44
170,2026-01-05 11:16:08,car,0.5901349782943726,207,53,224,74
170,2026-01-05 11:16:08,car,0.5509243011474609,230,28,244,45
170,2026-01-05 11:16:08,car,0.5270739197731018,245,50,263,71
171,2026-01-05 11:16:09,car,0.7300624251365662,193,138,222,179
171,2026-01-05 11:16:09,car,0.6797325611114502,142,63,163,89
171,2026-01-05 11:16:09,car,0.6529964208602905,207,54,224,76
171,2026-01-05 11:16:09,car,0.648702085018158,200,93,222,122
171,2026-01-05 11:16:09,car,0.6438096761703491,230,30,245,45
171,2026-01-05 11:16:09,car,0.5919274091720581,203,28,218,44
172,2026-01-05 11:16:09,car,0.6979888677597046,204,29,218,45
172,2026-01-05 11:16:09,car,0.6832228899002075,142,63,163,88
172,2026-01-05 11:16:09,car,0.6588634252548218,230,30,245,46
172,2026-01-05 11:16:09,car,0.6233490109443665,200,95,222,124
172,2026-01-05 11:16:09,car,0.5387778282165527,246,52,265,73
173,2026-01-05 11:16:09,car,0.6670935750007629,204,29,218,47
173,2026-01-05 11:16:09,car,0.6659576296806335,142,63,163,88
173,2026-01-05 11:16:09,car,0.6124267578125,207,56,225,78
173,2026-01-05 11:16:09,car,0.6023436188697815,199,96,222,127
173,2026-01-05 11:16:09,car,0.6005533337593079,230,31,246,47
173,2026-01-05 11:16:09,car,0.5838199853897095,247,54,266,74
174,2026-01-05 11:16:09,car,0.7109630107879639,204,29,219,47
174,2026-01-05 11:16:09,car,0.6900842189788818,142,63,163,89
174,2026-01-05 11:16:09,car,0.6861648559570312,208,56,225,79
174,2026-01-05 11:16:09,car,0.5973635911941528,199,99,222,129
174,2026-01-05 11:16:09,car,0.59194415807724,247,55,266,75
174,2026-01-05 11:16:09,car,0.5835925936698914,231,31,246,48
175,2026-01-05 11:16:09,car,0.7074809074401855,248,56,266,76
175,2026-01-05 11:16:09,car,0.6978325843811035,142,63,163,89
175,2026-01-05 11:16:09,car,0.6161075830459595,231,31,247,48
175,2026-01-05 11:16:09,car,0.6076374650001526,188,149,218,195
175,2026-01-05 11:16:09,car,0.5925849080085754,199,101,222,131
175,2026-01-05 11:16:09,car,0.5915703773498535,204,30,219,48
175,2026-01-05 11:16:09,car,0.5010786056518555,207,57,225,80
176,2026-01-05 11:16:09,car,0.7438345551490784,248,57,266,77
176,2026-01-05 11:16:09,car,0.6805930733680725,142,63,163,89
176,2026-01-05 11:16:09,car,0.6639514565467834,232,33,247,49
176,2026-01-05 11:16:09,car,0.5736099481582642,198,102,222,133
176,2026-01-05 11:16:09,car,0.565740704536438,204,31,219,49
176,2026-01-05 11:16:09,car,0.506066620349884,208,57,226,82
177,2026-01-05 11:16:09,car,0.7571181058883667,249,58,267,78
177,2026-01-05 11:16:09,car,0.6606819033622742,232,34,247,50
177,2026-01-05 11:16:09,car,0.6485344767570496,142,63,163,89
177,2026-01-05 11:16:09,car,0.6423543095588684,198,104,222,136
177,2026-01-05 11:16:09,car,0.6006394624710083,208,59,226,83
177,2026-01-05 11:16:09,car,0.5072191953659058,204,31,220,49
178,2026-01-05 11:16:09,car,0.7222118973731995,198,106,222,138
178,2026-01-05 11:16:09,car,0.721358060836792,249,58,268,80
178,2026-01-05 11:16:09,car,0.7004023194313049,232,34,248,51
178,2026-01-05 11:16:09,car,0.6306458115577698,207,61,226,84
178,2026-01-05 11:16:09,car,0.6269370317459106,142,63,163,88
179,2026-01-05 11:16:09,car,0.6976312398910522,232,34,248,51
179,2026-01-05 11:16:09,car,0.6928905844688416,198,108,222,141
179,2026-01-05 11:16:09,car,0.660179078578949,207,62,226,85
179,2026-01-05 11:16:09,car,0.641130805015564,142,63,163,88
179,2026-01-05 11:16:09,car,0.5288360118865967,205,34,221,52
179,2026-01-05 11:16:09,car,0.5226521492004395,183,163,216,214
179,2026-01-05 11:16:09,car,0.5136719346046448,249,59,269,82
180,2026-01-05 11:16:09,car,0.7138046622276306,208,63,226,87
180,2026-01-05 11:16:09,car,0.6891204714775085,233,35,248,52
180,2026-01-05 11:16:09,car,0.6611210107803345,142,64,163,88
180,2026-01-05 11:16:09,car,0.5698742270469666,197,110,221,143
180,2026-01-05 11:16:09,car,0.5187699198722839,205,34,221,52
180,2026-01-05 11:16:09,car,0.502441942691803,250,59,269,82
181,2026-01-05 11:16:09,car,0.7778760194778442,233,36,249,53
181,2026-01-05 11:16:09,car,0.7508522272109985,207,64,227,88
181,2026-01-05 11:16:09,car,0.6563130021095276,142,63,163,88
181,2026-01-05 11:16:09,car,0.650956392288208,205,36,221,53
181,2026-01-05 11:16:09,car,0.5924294590950012,196,111,221,145
182,2026-01-05 11:16:10,car,0.8229312896728516,234,37,250,53
182,2026-01-05 11:16:10,car,0.6893005967140198,196,114,221,148
182,2026-01-05 11:16:10,car,0.6502313017845154,142,63,163,88
182,2026-01-05 11:16:10,car,0.6499569416046143,205,35,221,54
182,2026-01-05 11:16:10,car,0.608586847782135,208,64,227,90
182,2026-01-05 11:16:10,car,0.5874099731445312,252,62,271,85
183,2026-01-05 11:16:10,car,0.8386309146881104,234,37,250,55
183,2026-01-05 11:16:10,car,0.7368318438529968,208,66,227,91
183,2026-01-05 11:16:10,car,0.661262571811676,206,37,221,55
183,2026-01-05 11:16:10,car,0.6537280082702637,142,64,163,88
183,2026-01-05 11:16:10,car,0.5444188117980957,196,115,221,150
184,2026-01-05 11:16:10,car,0.8126236200332642,234,38,250,55
184,2026-01-05 11:16:10,car,0.693159818649292,207,67,227,93
184,2026-01-05 11:16:10,car,0.6642969846725464,206,38,221,56
184,2026-01-05 11:16:10,car,0.6621327996253967,142,64,163,88
184,2026-01-05 11:16:10,car,0.5885574221611023,195,117,221,154
184,2026-01-05 11:16:10,car,0.5061565041542053,252,64,272,87
185,2026-01-05 11:16:10,car,0.7865804433822632,235,38,250,55
185,2026-01-05 11:16:10,car,0.7412342429161072,208,70,227,95
185,2026-01-05 11:16:10,car,0.6844372749328613,206,38,221,57
185,2026-01-05 11:16:10,car,0.6497594714164734,142,63,163,89
185,2026-01-05 11:16:10,car,0.6124765276908875,195,120,220,158
185,2026-01-05 11:16:10,car,0.5069504976272583,252,65,273,89
186,2026-01-05 11:16:10,car,0.7588366270065308,208,71,227,96
186,2026-01-05 11:16:10,car,0.7471728920936584,235,39,251,56
186,2026-01-05 11:16:10,car,0.6445685029029846,205,40,222,58
186,2026-01-05 11:16:10,car,0.6363377571105957,142,63,163,89
186,2026-01-05 11:16:10,car,0.5726845860481262,253,66,274,89
186,2026-01-05 11:16:10,car,0.5427067279815674,194,122,220,160
187,2026-01-05 11:16:10,car,0.7670725584030151,236,40,252,57
187,2026-01-05 11:16:10,car,0.6852201819419861,207,71,227,97
187,2026-01-05 11:16:10,car,0.6469845175743103,205,40,223,59
187,2026-01-05 11:16:10,car,0.6314907073974609,142,63,163,89
187,2026-01-05 11:16:10,car,0.5815349817276001,254,68,274,91
187,2026-01-05 11:16:10,car,0.5654717087745667,193,124,220,164
188,2026-01-05 11:16:10,car,0.7330958843231201,236,40,253,58
188,2026-01-05 11:16:10,car,0.671340823173523,207,72,227,98
188,2026-01-05 11:16:10,car,0.6463598608970642,142,63,163,89
188,2026-01-05 11:16:10,car,0.6260547041893005,206,41,223,60
189,2026-01-05 11:16:10,car,0.6853110790252686,236,40,253,59
189,2026-01-05 11:16:10,car,0.6788526773452759,142,63,164,89
189,2026-01-05 11:16:10,car,0.6117236018180847,206,74,227,100
189,2026-01-05 11:16:10,car,0.601137638092041,206,42,223,61
189,2026-01-05 11:16:10,car,0.5930287837982178,191,131,220,170
189,2026-01-05 11:16:10,car,0.5590744018554688,255,70,277,94
190,2026-01-05 11:16:10,car,0.7152577638626099,142,63,164,89
190,2026-01-05 11:16:10,car,0.6443385481834412,190,133,219,174
190,2026-01-05 11:16:10,car,0.6351498365402222,237,41,254,59
190,2026-01-05 11:16:10,car,0.6031345129013062,206,42,223,63
190,2026-01-05 11:16:10,car,0.6024423837661743,207,75,227,102
190,2026-01-05 11:16:10,car,0.5189248323440552,256,70,278,95
191,2026-01-05 11:16:10,car,0.6842288970947266,141,63,164,89
191,2026-01-05 11:16:10,car,0.6590384840965271,189,136,219,178
191,2026-01-05 11:16:10,car,0.5919703245162964,207,78,226,104
191,2026-01-05 11:16:10,car,0.589448869228363,206,43,223,63
191,2026-01-05 11:16:10,car,0.5863561034202576,237,42,255,60
192,2026-01-05 11:16:11,car,0.6885485053062439,141,63,163,89
192,2026-01-05 11:16:11,car,0.6706010699272156,206,46,223,64
192,2026-01-05 11:16:11,car,0.6685608625411987,238,43,255,61
192,2026-01-05 11:16:11,car,0.6257282495498657,207,79,226,106
192,2026-01-05 11:16:11,car,0.6167225241661072,188,138,219,181
193,2026-01-05 11:16:11,car,0.7323083281517029,238,45,255,63
193,2026-01-05 11:16:11,car,0.7061985731124878,141,63,163,89
193,2026-01-05 11:16:11,car,0.7047548294067383,207,46,224,66
193,2026-01-05 11:16:11,car,0.6099370121955872,207,80,227,107
193,2026-01-05 11:16:11,car,0.518258273601532,188,140,218,185
194,2026-01-05 11:16:11,car,0.7314688563346863,238,46,255,63
194,2026-01-05 11:16:11,car,0.7096337676048279,141,63,163,89
194,2026-01-05 11:16:11,car,0.6635118126869202,207,47,223,67
194,2026-01-05 11:16:11,car,0.609622597694397,204,81,227,109
195,2026-01-05 11:16:11,car,0.6907309889793396,142,63,163,89
195,2026-01-05 11:16:11,car,0.6605200171470642,185,146,217,194
195,2026-01-05 11:16:11,car,0.5870082974433899,207,48,223,68
195,2026-01-05 11:16:11,car,0.5427210927009583,206,81,227,111
195,2026-01-05 11:16:11,car,0.5107643604278564,239,46,256,63
196,2026-01-05 11:16:11,car,0.6836245059967041,142,63,163,88
196,2026-01-05 11:16:11,car,0.6251430511474609,184,149,216,197
196,2026-01-05 11:16:11,car,0.6242884397506714,207,48,224,69
196,2026-01-05 11:16:11,car,0.6162808537483215,205,84,228,113
196,2026-01-05 11:16:11,truck,0.5244325995445251,136,252,193,338
196,2026-01-05 11:16:11,car,0.5157575607299805,240,46,256,64
197,2026-01-05 11:16:11,car,0.7256444692611694,206,85,227,114
197,2026-01-05 11:16:11,car,0.7151197791099548,207,49,224,70
197,2026-01-05 11:16:11,car,0.6668214201927185,141,63,163,88
197,2026-01-05 11:16:11,car,0.6540252566337585,241,47,257,66
198,2026-01-05 11:16:11,car,0.6682149767875671,241,47,257,67
198,2026-01-05 11:16:11,car,0.6603041291236877,207,50,224,71
198,2026-01-05 11:16:11,car,0.6361321210861206,205,86,227,117
198,2026-01-05 11:16:11,car,0.6314222812652588,141,63,163,88
198,2026-01-05 11:16:11,car,0.5173318386077881,125,268,187,360
199,2026-01-05 11:16:11,car,0.7362428307533264,207,52,225,73
199,2026-01-05 11:16:11,car,0.709168016910553,241,48,258,68
199,2026-01-05 11:16:11,car,0.6270528435707092,142,63,163,88
199,2026-01-05 11:16:11,truck,0.6136513352394104,121,275,185,372
199,2026-01-05 11:16:11,car,0.5941500663757324,204,89,228,119
200,2026-01-05 11:16:11,car,0.7694835662841797,208,52,225,74
200,2026-01-05 11:16:11,car,0.7638798952102661,241,48,258,69
200,2026-01-05 11:16:11,car,0.6664854884147644,206,90,228,120
200,2026-01-05 11:16:11,car,0.6450191140174866,142,63,163,88
201,2026-01-05 11:16:11,car,0.7344351410865784,207,54,224,75
201,2026-01-05 11:16:11,car,0.7257083654403687,242,48,259,70
201,2026-01-05 11:16:11,car,0.6487351059913635,142,63,163,88
201,2026-01-05 11:16:11,car,0.5782673954963684,206,92,228,122
201,2026-01-05 11:16:11,car,0.5348047614097595,263,83,285,111
201,2026-01-05 11:16:11,car,0.5151231288909912,109,293,179,398
202,2026-01-05 11:16:11,car,0.7161967754364014,208,55,225,76
202,2026-01-05 11:16:11,car,0.6829460859298706,242,50,261,71
202,2026-01-05 11:16:11,car,0.661763608455658,142,63,163,88
202,2026-01-05 11:16:11,car,0.5061313509941101,204,94,228,124
203,2026-01-05 11:16:12,car,0.6963484883308411,243,50,262,71
203,2026-01-05 11:16:12,car,0.6423171758651733,142,63,163,88
203,2026-01-05 11:16:12,car,0.6284162402153015,208,56,226,78
203,2026-01-05 11:16:12,car,0.5673447847366333,95,309,172,429
204,2026-01-05 11:16:12,car,0.7164890170097351,89,322,168,445
204,2026-01-05 11:16:12,car,0.7032957673072815,243,51,262,73
204,2026-01-05 11:16:12,car,0.6311028599739075,142,63,163,89
204,2026-01-05 11:16:12,car,0.5529264211654663,208,57,225,80
205,2026-01-05 11:16:12,car,0.8167442083358765,81,335,164,462
205,2026-01-05 11:16:12,car,0.6831032633781433,244,52,263,74
205,2026-01-05 11:16:12,car,0.6336681842803955,142,63,163,88
205,2026-01-05 11:16:12,car,0.5606253147125244,208,57,227,81
206,2026-01-05 11:16:12,car,0.6951889991760254,244,55,263,75
206,2026-01-05 11:16:12,car,0.6700664162635803,142,64,163,89
206,2026-01-05 11:16:12,car,0.6528738141059875,208,59,227,82
206,2026-01-05 11:16:12,car,0.5724803805351257,168,188,209,250
206,2026-01-05 11:16:12,car,0.5184568166732788,72,347,159,479
207,2026-01-05 11:16:12,car,0.673396646976471,208,60,226,84
207,2026-01-05 11:16:12,car,0.6421082019805908,142,64,163,88
207,2026-01-05 11:16:12,car,0.6205354332923889,62,360,153,479
207,2026-01-05 11:16:12,car,0.5538172125816345,245,56,264,75
208,2026-01-05 11:16:12,car,0.7319394946098328,208,61,226,84
208,2026-01-05 11:16:12,car,0.6391870975494385,142,63,163,88
208,2026-01-05 11:16:12,car,0.5562172532081604,246,58,265,77
208,2026-01-05 11:16:12,car,0.532403290271759,204,103,229,138
209,2026-01-05 11:16:12,car,0.7497845888137817,55,388,144,480
209,2026-01-05 11:16:12,car,0.6359697580337524,203,105,229,140
209,2026-01-05 11:16:12,car,0.6282073259353638,142,63,163,88
209,2026-01-05 11:16:12,car,0.6258975267410278,208,61,227,86
209,2026-01-05 11:16:12,car,0.6106134653091431,246,57,265,78
210,2026-01-05 11:16:12,car,0.6790082454681396,208,63,226,87
210,2026-01-05 11:16:12,car,0.6489359140396118,247,58,265,78
210,2026-01-05 11:16:12,car,0.6316233277320862,142,63,163,89
210,2026-01-05 11:16:12,car,0.591232419013977,203,108,228,143
210,2026-01-05 11:16:12,car,0.5724524855613708,48,403,137,479
211,2026-01-05 11:16:12,car,0.6612668633460999,208,64,227,89
211,2026-01-05 11:16:12,car,0.6310961246490479,142,63,163,89
211,2026-01-05 11:16:12,car,0.5893364548683167,203,109,228,145
211,2026-01-05 11:16:12,car,0.5809632539749146,247,59,266,80
212,2026-01-05 11:16:12,car,0.6811898946762085,152,220,202,295
212,2026-01-05 11:16:12,car,0.6591633558273315,208,64,227,91
212,2026-01-05 11:16:12,car,0.6435959935188293,142,63,163,88
212,2026-01-05 11:16:12,car,0.6351242661476135,203,112,228,148
212,2026-01-05 11:16:12,car,0.6152423620223999,248,59,266,81
213,2026-01-05 11:16:12,car,0.796222984790802,208,66,227,93
213,2026-01-05 11:16:12,car,0.6406739354133606,142,63,163,88
213,2026-01-05 11:16:12,car,0.6087228655815125,202,113,228,150
213,2026-01-05 11:16:12,car,0.6056011319160461,248,60,268,82
213,2026-01-05 11:16:12,car,0.5095237493515015,149,225,201,302
214,2026-01-05 11:16:13,car,0.7982407212257385,208,67,227,95
214,2026-01-05 11:16:13,car,0.6257256269454956,142,63,163,88
214,2026-01-05 11:16:13,car,0.5803590416908264,248,61,269,83
214,2026-01-05 11:16:13,car,0.579808235168457,202,116,228,153
215,2026-01-05 11:16:13,car,0.8200486898422241,208,68,227,96
215,2026-01-05 11:16:13,car,0.6114172339439392,201,118,228,157
215,2026-01-05 11:16:13,car,0.5989262461662292,142,64,163,88
215,2026-01-05 11:16:13,car,0.5653589367866516,249,61,270,85
216,2026-01-05 11:16:13,car,0.7972632646560669,208,71,228,97
216,2026-01-05 11:16:13,car,0.668671727180481,249,62,270,86
216,2026-01-05 11:16:13,car,0.6244617104530334,201,120,227,158
216,2026-01-05 11:16:13,car,0.5782666802406311,142,64,163,89
216,2026-01-05 11:16:13,car,0.5768269300460815,137,245,195,331
217,2026-01-05 11:16:13,car,0.7308745384216309,209,72,227,99
217,2026-01-05 11:16:13,car,0.7068308591842651,250,64,271,88
217,2026-01-05 11:16:13,car,0.5584409832954407,142,64,163,89
217,2026-01-05 11:16:13,car,0.5158654451370239,201,123,227,162
218,2026-01-05 11:16:13,car,0.5922048091888428,251,64,272,88
218,2026-01-05 11:16:13,car,0.5900552868843079,208,73,228,99
218,2026-01-05 11:16:13,car,0.5385497212409973,142,64,164,89
219,2026-01-05 11:16:13,car,0.6239727735519409,198,130,226,169
219,2026-01-05 11:16:13,car,0.5530391335487366,208,74,228,103
219,2026-01-05 11:16:13,car,0.5208491086959839,142,64,163,89
220,2026-01-05 11:16:13,car,0.6464843153953552,198,131,227,171
220,2026-01-05 11:16:13,car,0.6284798979759216,119,275,186,376
220,2026-01-05 11:16:13,car,0.5213465690612793,142,63,163,89
221,2026-01-05 11:16:13,car,0.6773127913475037,197,134,227,175
221,2026-01-05 11:16:13,car,0.5335100889205933,142,63,163,89
221,2026-01-05 11:16:13,car,0.5263279676437378,253,68,273,91
221,2026-01-05 11:16:13,car,0.5003591775894165,112,284,183,388
222,2026-01-05 11:16:13,car,0.756570041179657,197,136,226,178
222,2026-01-05 11:16:13,car,0.5624094605445862,253,68,274,92
222,2026-01-05 11:16:13,car,0.5578469038009644,208,80,229,108
222,2026-01-05 11:16:13,car,0.5460957288742065,142,63,163,89
223,2026-01-05 11:16:13,car,0.5775999426841736,196,137,226,182
223,2026-01-05 11:16:13,car,0.5385540127754211,142,63,163,89
223,2026-01-05 11:16:13,car,0.5202515125274658,208,80,229,109
224,2026-01-05 11:16:13,car,0.6103345155715942,228,24,242,39
224,2026-01-05 11:16:13,car,0.5891293883323669,195,142,225,186
224,2026-01-05 11:16:13,car,0.5351446270942688,142,63,163,89
224,2026-01-05 11:16:13,car,0.5244407653808594,94,310,173,431
224,2026-01-05 11:16:13,car,0.5031582713127136,208,83,230,112
225,2026-01-05 11:16:14,car,0.6877430081367493,208,84,230,114
225,2026-01-05 11:16:14,car,0.5531191229820251,229,25,242,39
225,2026-01-05 11:16:14,car,0.5452998280525208,194,145,225,189
225,2026-01-05 11:16:14,car,0.5139375925064087,142,63,164,89
226,2026-01-05 11:16:14,car,0.7792103886604309,207,85,230,116
226,2026-01-05 11:16:14,car,0.5744400024414062,78,333,166,466
226,2026-01-05 11:16:14,car,0.5279293060302734,142,63,164,89
226,2026-01-05 11:16:14,car,0.5252147912979126,193,147,224,193
227,2026-01-05 11:16:14,car,0.6470853686332703,207,87,230,117
227,2026-01-05 11:16:14,car,0.5565055012702942,191,149,224,198
227,2026-01-05 11:16:14,car,0.5448081493377686,256,72,279,98
227,2026-01-05 11:16:14,car,0.5438945293426514,142,63,164,88
228,2026-01-05 11:16:14,car,0.5369959473609924,142,64,164,88
228,2026-01-05 11:16:14,car,0.5132074952125549,229,26,243,41
229,2026-01-05 11:16:14,car,0.5170881152153015,142,63,163,88
230,2026-01-05 11:16:14,car,0.5154972672462463,142,63,164,88
231,2026-01-05 11:16:14,car,0.5217808485031128,142,63,164,88
232,2026-01-05 11:16:14,car,0.5576683878898621,142,63,164,89
232,2026-01-05 11:16:14,car,0.5396460294723511,232,31,246,43
233,2026-01-05 11:16:14,car,0.5796558856964111,142,63,164,89
234,2026-01-05 11:16:14,car,0.5868217349052429,142,63,164,89
235,2026-01-05 11:16:15,car,0.6444271206855774,142,63,164,89
235,2026-01-05 11:16:15,bus,0.5384122133255005,163,92,193,138
235,2026-01-05 11:16:15,car,0.5366142988204956,261,81,285,108
236,2026-01-05 11:16:15,car,0.6463915109634399,142,63,164,89
236,2026-01-05 11:16:15,car,0.6306751370429993,179,184,216,241
236,2026-01-05 11:16:15,bus,0.6078681349754333,163,94,193,139
236,2026-01-05 11:16:15,car,0.5731143355369568,233,34,248,46
236,2026-01-05 11:16:15,car,0.5365580916404724,262,82,286,110
237,2026-01-05 11:16:15,car,0.6515383124351501,142,63,164,89
237,2026-01-05 11:16:15,car,0.6251811981201172,233,34,248,47
237,2026-01-05 11:16:15,bus,0.5926887392997742,162,95,193,142
238,2026-01-05 11:16:15,bus,0.7291354537010193,161,96,192,143
238,2026-01-05 11:16:15,car,0.697778046131134,233,34,248,47
238,2026-01-05 11:16:15,car,0.6526644229888916,142,63,164,89
239,2026-01-05 11:16:15,car,0.700347900390625,234,35,248,48
239,2026-01-05 11:16:15,car,0.6683939695358276,142,63,163,89
239,2026-01-05 11:16:15,car,0.5769909024238586,206,111,230,149
239,2026-01-05 11:16:15,car,0.5603270530700684,179,52,195,71
240,2026-01-05 11:16:15,car,0.6736277937889099,142,63,163,89
240,2026-01-05 11:16:15,car,0.643794596195221,234,35,249,49
240,2026-01-05 11:16:15,car,0.637157678604126,206,113,230,150
240,2026-01-05 11:16:15,bus,0.589649498462677,160,99,191,147
241,2026-01-05 11:16:15,car,0.6838082671165466,142,63,163,89
241,2026-01-05 11:16:15,car,0.6374490261077881,235,37,249,50
241,2026-01-05 11:16:15,bus,0.5905731916427612,159,102,192,150
241,2026-01-05 11:16:15,car,0.5631744861602783,178,32,193,46
242,2026-01-05 11:16:15,bus,0.7035960555076599,158,103,191,152
242,2026-01-05 11:16:15,car,0.6889273524284363,142,63,163,89
242,2026-01-05 11:16:15,car,0.6049001812934875,235,37,249,51
242,2026-01-05 11:16:15,car,0.5602921843528748,179,32,193,47
243,2026-01-05 11:16:15,bus,0.7437196969985962,158,104,191,154
243,2026-01-05 11:16:15,car,0.6794384717941284,142,63,163,89
243,2026-01-05 11:16:15,car,0.6639227867126465,204,139,230,160
243,2026-01-05 11:16:15,car,0.5784664154052734,179,32,193,47
243,2026-01-05 11:16:15,car,0.5506845712661743,178,55,195,74
244,2026-01-05 11:16:15,bus,0.8001765608787537,157,105,190,156
244,2026-01-05 11:16:15,car,0.6774165034294128,142,63,163,89
244,2026-01-05 11:16:15,car,0.562305212020874,235,36,250,53
244,2026-01-05 11:16:15,car,0.559332013130188,178,55,195,75
244,2026-01-05 11:16:15,car,0.5412635207176208,208,47,222,64
244,2026-01-05 11:16:15,car,0.5048921704292297,179,32,194,48
245,2026-01-05 11:16:15,bus,0.7489044666290283,157,107,190,160
245,2026-01-05 11:16:15,car,0.6611860990524292,142,63,164,89
245,2026-01-05 11:16:15,car,0.5551810264587402,178,34,194,49
245,2026-01-05 11:16:15,car,0.5244172811508179,236,36,251,53
246,2026-01-05 11:16:16,bus,0.792277991771698,155,110,189,162
246,2026-01-05 11:16:16,car,0.762241780757904,236,38,252,54
246,2026-01-05 11:16:16,car,0.6496831178665161,142,63,163,88
246,2026-01-05 11:16:16,car,0.5547807812690735,178,56,195,77
246,2026-01-05 11:16:16,car,0.5396444797515869,202,127,230,170
246,2026-01-05 11:16:16,car,0.5001552700996399,178,34,194,49
247,2026-01-05 11:16:16,car,0.7959146499633789,236,38,253,55
247,2026-01-05 11:16:16,bus,0.6847589612007141,153,111,188,164
247,2026-01-05 11:16:16,car,0.6635998487472534,142,63,164,89
247,2026-01-05 11:16:16,car,0.6206045746803284,178,57,195,78
248,2026-01-05 11:16:16,car,0.732780933380127,237,39,254,55
248,2026-01-05 11:16:16,car,0.7036257386207581,178,58,195,79
248,2026-01-05 11:16:16,car,0.6742655038833618,201,133,230,178
248,2026-01-05 11:16:16,car,0.6719762086868286,142,63,164,89
248,2026-01-05 11:16:16,bus,0.6476589441299438,151,113,189,167
248,2026-01-05 11:16:16,car,0.5592365860939026,178,35,194,51
249,2026-01-05 11:16:16,car,0.6941540241241455,142,63,164,89
249,2026-01-05 11:16:16,car,0.6509244441986084,237,41,255,56
249,2026-01-05 11:16:16,car,0.5986213684082031,201,136,230,181
249,2026-01-05 11:16:16,bus,0.575249433517456,149,114,188,170
249,2026-01-05 11:16:16,car,0.527868926525116,178,59,195,80
250,2026-01-05 11:16:16,car,0.7248321771621704,238,40,254,57
250,2026-01-05 11:16:16,car,0.6459625363349915,142,63,164,89
250,2026-01-05 11:16:16,car,0.5823851227760315,178,60,194,81
250,2026-01-05 11:16:16,car,0.5498965382575989,221,12,232,23
250,2026-01-05 11:16:16,bus,0.5444275140762329,149,116,187,172
251,2026-01-05 11:16:16,car,0.6219010353088379,178,62,194,82
251,2026-01-05 11:16:16,car,0.6166077256202698,142,63,164,89
251,2026-01-05 11:16:16,car,0.608971118927002,221,11,233,24
251,2026-01-05 11:16:16,bus,0.5736902356147766,148,118,186,175
251,2026-01-05 11:16:16,car,0.5462918281555176,238,41,254,58
251,2026-01-05 11:16:16,car,0.518332302570343,132,284,186,365
251,2026-01-05 11:16:16,car,0.5093089938163757,178,36,194,53
252,2026-01-05 11:16:16,bus,0.7156730890274048,146,120,185,178
252,2026-01-05 11:16:16,bus,0.6516256332397461,199,145,228,194
252,2026-01-05 11:16:16,car,0.6126919388771057,142,63,164,89
252,2026-01-05 11:16:16,car,0.6112431287765503,178,36,194,53
252,2026-01-05 11:16:16,car,0.6034336686134338,177,63,194,83
252,2026-01-05 11:16:16,car,0.5418747663497925,221,13,233,24
253,2026-01-05 11:16:16,car,0.6714811325073242,178,37,194,54
253,2026-01-05 11:16:16,bus,0.6644831299781799,145,122,185,181
253,2026-01-05 11:16:16,car,0.6565420031547546,176,63,194,85
253,2026-01-05 11:16:16,car,0.6340945363044739,142,63,163,89
253,2026-01-05 11:16:16,car,0.588573694229126,205,36,220,52
253,2026-01-05 11:16:16,car,0.5405533313751221,222,12,233,25
253,2026-01-05 11:16:16,car,0.5395055413246155,210,56,224,74
254,2026-01-05 11:16:16,car,0.6632221937179565,178,65,194,86
254,2026-01-05 11:16:16,car,0.6598544120788574,210,58,224,75
254,2026-01-05 11:16:16,car,0.6285383105278015,205,36,221,54
254,2026-01-05 11:16:16,car,0.6225394010543823,142,63,164,89
254,2026-01-05 11:16:16,car,0.5875409841537476,222,12,233,25
254,2026-01-05 11:16:16,bus,0.570118248462677,145,124,183,183
254,2026-01-05 11:16:16,car,0.5683057904243469,178,37,194,55
254,2026-01-05 11:16:16,car,0.5214990377426147,239,42,256,60
255,2026-01-05 11:16:16,car,0.744300127029419,178,65,195,87
255,2026-01-05 11:16:16,car,0.7012991309165955,240,44,256,61
255,2026-01-05 11:16:16,bus,0.69636470079422,144,126,183,186
255,2026-01-05 11:16:16,car,0.6291908025741577,142,63,164,89
255,2026-01-05 11:16:16,car,0.6210909485816956,211,59,224,75
255,2026-01-05 11:16:16,car,0.5659980177879333,179,38,194,56
255,2026-01-05 11:16:16,car,0.5394769906997681,206,37,220,55
256,2026-01-05 11:16:16,car,0.6663607358932495,240,44,257,61
256,2026-01-05 11:16:16,car,0.6653979420661926,178,65,194,88
256,2026-01-05 11:16:16,car,0.6406118273735046,179,39,194,56
256,2026-01-05 11:16:16,bus,0.6386225819587708,143,128,183,190
256,2026-01-05 11:16:16,car,0.6219215393066406,142,63,164,89
256,2026-01-05 11:16:16,car,0.5539315342903137,206,37,221,56
256,2026-01-05 11:16:16,car,0.5225362181663513,222,13,233,26
256,2026-01-05 11:16:16,car,0.50138258934021,211,60,224,76
257,2026-01-05 11:16:17,car,0.6728507876396179,177,67,194,89
257,2026-01-05 11:16:17,car,0.6659829616546631,210,59,225,78
257,2026-01-05 11:16:17,car,0.6455052495002747,142,63,164,89
257,2026-01-05 11:16:17,bus,0.5963349342346191,140,131,181,193
257,2026-01-05 11:16:17,car,0.5897744297981262,179,39,195,57
257,2026-01-05 11:16:17,car,0.588634192943573,223,14,234,27
257,2026-01-05 11:16:17,car,0.5762581825256348,241,46,257,62
257,2026-01-05 11:16:17,car,0.5564170479774475,206,37,221,56
258,2026-01-05 11:16:17,car,0.7143945097923279,177,67,194,90
258,2026-01-05 11:16:17,bus,0.656469464302063,139,133,181,197
258,2026-01-05 11:16:17,car,0.6289417743682861,142,63,164,89
258,2026-01-05 11:16:17,car,0.623801052570343,179,40,194,58
258,2026-01-05 11:16:17,car,0.6053543090820312,241,46,258,63
258,2026-01-05 11:16:17,car,0.5688542723655701,211,61,225,79
258,2026-01-05 11:16:17,car,0.5526617765426636,223,15,234,27
258,2026-01-05 11:16:17,bus,0.5295087695121765,190,166,226,223
258,2026-01-05 11:16:17,car,0.5069589018821716,206,37,222,57
259,2026-01-05 11:16:17,car,0.7209669947624207,177,69,194,92
259,2026-01-05 11:16:17,bus,0.6584193110466003,137,136,180,200
259,2026-01-05 11:16:17,car,0.6294365525245667,178,40,195,58
259,2026-01-05 11:16:17,bus,0.6275092363357544,189,170,226,231
259,2026-01-05 11:16:17,car,0.6054360866546631,142,63,164,89
259,2026-01-05 11:16:17,car,0.5594167113304138,223,15,234,27
259,2026-01-05 11:16:17,car,0.5524824261665344,242,46,258,65
259,2026-01-05 11:16:17,car,0.5256171822547913,206,39,222,57
260,2026-01-05 11:16:17,car,0.7945243716239929,176,70,194,92
260,2026-01-05 11:16:17,train,0.6452932357788086,70,349,168,479
260,2026-01-05 11:16:17,car,0.6277064681053162,142,63,163,89
260,2026-01-05 11:16:17,car,0.6171395182609558,178,41,195,59
260,2026-01-05 11:16:17,bus,0.6081236004829407,135,138,179,203
260,2026-01-05 11:16:17,car,0.5630814433097839,242,48,259,66
260,2026-01-05 11:16:17,car,0.513027548789978,207,39,222,58
261,2026-01-05 11:16:17,car,0.7512213587760925,176,71,194,94
261,2026-01-05 11:16:17,train,0.7365155816078186,71,362,163,479
261,2026-01-05 11:16:17,bus,0.6927253603935242,133,140,179,206
261,2026-01-05 11:16:17,car,0.6434200406074524,178,42,195,59
261,2026-01-05 11:16:17,car,0.6382125616073608,142,63,163,89
261,2026-01-05 11:16:17,car,0.5594770312309265,243,48,259,66
261,2026-01-05 11:16:17,car,0.5374805927276611,210,68,225,83
261,2026-01-05 11:16:17,car,0.5049425363540649,223,15,235,28
261,2026-01-05 11:16:17,car,0.5040082335472107,207,39,222,58
262,2026-01-05 11:16:17,car,0.7249031066894531,176,72,195,95
262,2026-01-05 11:16:17,car,0.6455698609352112,178,43,195,60
262,2026-01-05 11:16:17,car,0.6419511437416077,142,63,164,89
262,2026-01-05 11:16:17,car,0.514712929725647,223,15,236,29
262,2026-01-05 11:16:17,bus,0.5114222168922424,130,143,177,210
262,2026-01-05 11:16:17,car,0.5046268105506897,210,65,225,84
263,2026-01-05 11:16:17,car,0.6755945682525635,177,43,195,61
263,2026-01-05 11:16:17,car,0.6587427258491516,176,73,194,97
263,2026-01-05 11:16:17,car,0.6484915614128113,142,63,163,89
263,2026-01-05 11:16:17,car,0.6169387102127075,211,64,226,85
263,2026-01-05 11:16:17,car,0.5439813137054443,201,19,215,33
263,2026-01-05 11:16:17,car,0.5108379125595093,224,16,236,29
264,2026-01-05 11:16:17,car,0.8038834929466248,178,43,194,62
264,2026-01-05 11:16:17,car,0.6632074117660522,142,63,163,89
264,2026-01-05 11:16:17,car,0.6530728936195374,63,402,149,479
264,2026-01-05 11:16:17,car,0.6371254920959473,201,20,215,34
264,2026-01-05 11:16:17,car,0.6093825697898865,176,74,194,98
264,2026-01-05 11:16:17,car,0.5504525303840637,211,64,226,86
264,2026-01-05 11:16:17,car,0.5197837352752686,224,16,237,30
265,2026-01-05 11:16:17,car,0.8263288736343384,176,75,194,99
265,2026-01-05 11:16:17,car,0.7174867987632751,178,43,195,63
265,2026-01-05 11:16:17,car,0.6683641076087952,142,63,163,89
265,2026-01-05 11:16:17,car,0.6461061239242554,200,20,215,34
265,2026-01-05 11:16:17,car,0.5930915474891663,211,68,226,87
265,2026-01-05 11:16:17,car,0.5568874478340149,245,53,263,71
265,2026-01-05 11:16:17,car,0.5213613510131836,224,16,238,31
265,2026-01-05 11:16:17,car,0.5048162341117859,207,43,223,63
266,2026-01-05 11:16:17,car,0.8228946924209595,175,76,194,100
266,2026-01-05 11:16:17,car,0.7223858833312988,178,44,194,63
266,2026-01-05 11:16:17,car,0.6657721400260925,142,63,163,89
266,2026-01-05 11:16:17,car,0.6299547553062439,200,19,215,35
266,2026-01-05 11:16:17,bus,0.6141157746315002,123,153,174,227
266,2026-01-05 11:16:17,car,0.5210445523262024,224,16,238,31
266,2026-01-05 11:16:17,car,0.5169420838356018,211,67,227,89
266,2026-01-05 11:16:17,car,0.5161124467849731,245,54,263,71
266,2026-01-05 11:16:17,car,0.5098366141319275,207,44,223,63
267,2026-01-05 11:16:18,bus,0.8107419013977051,121,156,172,230
267,2026-01-05 11:16:18,car,0.7287694811820984,174,77,194,102
267,2026-01-05 11:16:18,car,0.6518581509590149,142,63,163,89
267,2026-01-05 11:16:18,car,0.6127906441688538,178,44,194,64
267,2026-01-05 11:16:18,bus,0.6028567552566528,168,209,221,286
267,2026-01-05 11:16:18,car,0.5412524342536926,225,17,238,32
267,2026-01-05 11:16:18,car,0.5333860516548157,201,20,215,35
268,2026-01-05 11:16:18,bus,0.7570914030075073,119,159,171,235
268,2026-01-05 11:16:18,car,0.6546415090560913,175,79,194,103
268,2026-01-05 11:16:18,car,0.6469933390617371,142,63,163,89
269,2026-01-05 11:16:18,car,0.6399973630905151,142,63,164,89
269,2026-01-05 11:16:18,bus,0.6276235580444336,115,161,170,240
269,2026-01-05 11:16:18,car,0.5771040320396423,174,79,194,104
269,2026-01-05 11:16:18,car,0.5479494333267212,225,18,239,33
270,2026-01-05 11:16:18,car,0.6510041952133179,142,63,163,89
270,2026-01-05 11:16:18,car,0.552603006362915,174,80,194,106
270,2026-01-05 11:16:18,car,0.5338390469551086,179,47,194,66
270,2026-01-05 11:16:18,car,0.5264516472816467,200,21,215,37
271,2026-01-05 11:16:18,car,0.6545122861862183,142,63,163,89
271,2026-01-05 11:16:18,bus,0.5925219655036926,111,168,167,250
271,2026-01-05 11:16:18,car,0.5343356728553772,248,59,265,76
271,2026-01-05 11:16:18,car,0.5095683932304382,179,48,194,67
272,2026-01-05 11:16:18,car,0.6659207940101624,142,63,163,89
272,2026-01-05 11:16:18,car,0.6555379629135132,154,240,212,332
272,2026-01-05 11:16:18,car,0.595612108707428,294,215,337,301
272,2026-01-05 11:16:18,car,0.594631552696228,174,83,194,109
272,2026-01-05 11:16:18,bus,0.5942869782447815,106,171,166,254
272,2026-01-05 11:16:18,car,0.5753272175788879,248,58,265,77
272,2026-01-05 11:16:18,car,0.5506594181060791,178,48,194,68
272,2026-01-05 11:16:18,car,0.5327953696250916,201,22,215,39
273,2026-01-05 11:16:18,car,0.7458207011222839,151,247,210,342
273,2026-01-05 11:16:18,car,0.7386183142662048,294,219,338,305
273,2026-01-05 11:16:18,car,0.6770679950714111,142,63,163,89
273,2026-01-05 11:16:18,bus,0.6272966265678406,104,175,164,260
273,2026-01-05 11:16:18,car,0.56655353307724,200,23,215,39
273,2026-01-05 11:16:18,car,0.5132458209991455,208,50,225,71
273,2026-01-05 11:16:18,car,0.5068754553794861,248,58,266,78
274,2026-01-05 11:16:18,bus,0.7764890789985657,103,178,162,266
274,2026-01-05 11:16:18,car,0.7430245876312256,207,51,224,71
274,2026-01-05 11:16:18,car,0.6780786514282227,141,62,164,90
274,2026-01-05 11:16:18,car,0.6656900644302368,145,255,208,353
274,2026-01-05 11:16:18,car,0.6284014582633972,295,222,339,311
274,2026-01-05 11:16:18,car,0.6103733777999878,201,24,216,40
274,2026-01-05 11:16:18,car,0.5878541469573975,178,50,195,69
275,2026-01-05 11:16:18,bus,0.7922354340553284,99,181,161,270
275,2026-01-05 11:16:18,car,0.7829659581184387,139,262,205,366
275,2026-01-05 11:16:18,car,0.7141358256340027,207,51,224,72
275,2026-01-05 11:16:18,car,0.6784365177154541,141,62,163,89
275,2026-01-05 11:16:18,car,0.6106056571006775,178,50,195,70
275,2026-01-05 11:16:18,car,0.6078934073448181,201,24,216,40
275,2026-01-05 11:16:18,car,0.5213598608970642,228,21,241,37
275,2026-01-05 11:16:18,car,0.5105710625648499,295,225,339,316
276,2026-01-05 11:16:18,car,0.7597385048866272,136,270,203,379
276,2026-01-05 11:16:18,car,0.7054873108863831,201,24,216,40
276,2026-01-05 11:16:18,car,0.6866966485977173,228,24,241,39
276,2026-01-05 11:16:18,car,0.6771946549415588,207,52,224,73
276,2026-01-05 11:16:18,car,0.6609237194061279,141,63,163,89
276,2026-01-05 11:16:18,bus,0.6407515406608582,95,185,159,277
276,2026-01-05 11:16:18,car,0.6259822845458984,178,51,195,71
276,2026-01-05 11:16:18,car,0.5869656205177307,251,61,270,82
276,2026-01-05 11:16:18,car,0.5633141994476318,295,228,339,320
277,2026-01-05 11:16:18,car,0.7267138957977295,201,25,216,41
277,2026-01-05 11:16:18,car,0.6829678416252136,295,232,340,326
277,2026-01-05 11:16:18,car,0.667314350605011,131,279,201,392
277,2026-01-05 11:16:18,car,0.6518849730491638,208,54,224,74
277,2026-01-05 11:16:18,car,0.6430997848510742,141,63,163,90
277,2026-01-05 11:16:18,car,0.6393576264381409,178,52,195,72
277,2026-01-05 11:16:18,car,0.5827650427818298,228,23,241,39
277,2026-01-05 11:16:18,bus,0.5535165667533875,92,189,157,283
277,2026-01-05 11:16:18,car,0.5471116304397583,252,62,270,83
278,2026-01-05 11:16:19,bus,0.7722853422164917,86,193,155,290
278,2026-01-05 11:16:19,car,0.7443895936012268,125,288,199,407
278,2026-01-05 11:16:19,car,0.7319436073303223,295,236,340,332
278,2026-01-05 11:16:19,car,0.702068567276001,201,25,216,42
278,2026-01-05 11:16:19,car,0.6968915462493896,208,55,224,75
278,2026-01-05 11:16:19,car,0.655047595500946,141,63,163,89
278,2026-01-05 11:16:19,car,0.6457237601280212,178,52,195,73
278,2026-01-05 11:16:19,car,0.5247625708580017,228,24,241,39
279,2026-01-05 11:16:19,car,0.7101065516471863,201,26,216,43
279,2026-01-05 11:16:19,car,0.680276095867157,295,239,341,337
279,2026-01-05 11:16:19,car,0.6734429597854614,178,53,195,74
279,2026-01-05 11:16:19,car,0.6463934183120728,119,295,196,423
279,2026-01-05 11:16:19,car,0.6390164494514465,141,63,163,89
279,2026-01-05 11:16:19,bus,0.6135797500610352,84,198,153,297
279,2026-01-05 11:16:19,car,0.589333713054657,207,56,225,76
279,2026-01-05 11:16:19,car,0.5321090221405029,229,24,241,40
279,2026-01-05 11:16:19,truck,0.5172106623649597,84,198,153,296
279,2026-01-05 11:16:19,car,0.5118278861045837,172,93,193,120
279,2026-01-05 11:16:19,car,0.5003414154052734,252,64,271,85
280,2026-01-05 11:16:19,car,0.7739927768707275,200,26,216,43
280,2026-01-05 11:16:19,car,0.7017418146133423,112,307,192,439
280,2026-01-05 11:16:19,car,0.658949077129364,141,63,163,89
280,2026-01-05 11:16:19,car,0.6352705359458923,207,56,225,79
280,2026-01-05 11:16:19,car,0.6319813132286072,178,54,195,75
280,2026-01-05 11:16:19,car,0.5875133872032166,296,243,341,343
280,2026-01-05 11:16:19,car,0.5596246123313904,229,25,241,40
280,2026-01-05 11:16:19,bus,0.5511931777000427,81,202,151,302
280,2026-01-05 11:16:19,truck,0.5347021222114563,81,202,150,302
280,2026-01-05 11:16:19,car,0.5235563516616821,211,85,229,111
281,2026-01-05 11:16:19,car,0.7869884371757507,106,319,189,458
281,2026-01-05 11:16:19,car,0.7527822852134705,200,27,216,44
281,2026-01-05 11:16:19,car,0.6576182842254639,229,26,242,40
281,2026-01-05 11:16:19,car,0.650436520576477,207,57,225,79
281,2026-01-05 11:16:19,car,0.6381760239601135,178,54,195,75
281,2026-01-05 11:16:19,car,0.6373075246810913,296,247,341,350
281,2026-01-05 11:16:19,car,0.6180611848831177,141,62,163,88
281,2026-01-05 11:16:19,car,0.5323116183280945,253,66,273,87
281,2026-01-05 11:16:19,bus,0.5011045932769775,75,207,148,310
282,2026-01-05 11:16:19,car,0.7532625794410706,201,27,216,44
282,2026-01-05 11:16:19,car,0.6694689393043518,177,56,195,76
282,2026-01-05 11:16:19,car,0.6673946976661682,207,58,225,80
282,2026-01-05 11:16:19,car,0.6543067693710327,98,329,185,476
282,2026-01-05 11:16:19,car,0.649384617805481,230,26,243,42
282,2026-01-05 11:16:19,car,0.6280674338340759,141,62,163,88
282,2026-01-05 11:16:19,car,0.6112235188484192,295,251,342,354
282,2026-01-05 11:16:19,car,0.5797092318534851,254,67,273,88
282,2026-01-05 11:16:19,truck,0.5306226015090942,72,211,147,318
282,2026-01-05 11:16:19,bus,0.5056898593902588,73,210,146,317
283,2026-01-05 11:16:19,bus,0.8529291152954102,67,216,143,325
283,2026-01-05 11:16:19,car,0.7857775688171387,201,28,216,45
283,2026-01-05 11:16:19,car,0.753749668598175,207,59,226,81
283,2026-01-05 11:16:19,car,0.7403754591941833,177,57,195,77
283,2026-01-05 11:16:19,car,0.7206318974494934,230,27,244,42
283,2026-01-05 11:16:19,car,0.6202001571655273,141,62,164,88
283,2026-01-05 11:16:19,car,0.5398842692375183,90,341,181,479
283,2026-01-05 11:16:19,car,0.5059062838554382,255,68,273,89
284,2026-01-05 11:16:19,car,0.7972962856292725,207,60,226,82
284,2026-01-05 11:16:19,car,0.7891295552253723,201,28,216,45
284,2026-01-05 11:16:19,bus,0.7763266563415527,61,220,141,334
284,2026-01-05 11:16:19,car,0.7229716777801514,177,57,195,78
284,2026-01-05 11:16:19,car,0.6963375210762024,231,28,244,43
284,2026-01-05 11:16:19,car,0.6455091238021851,141,62,164,88
284,2026-01-05 11:16:19,car,0.5698168873786926,169,99,192,128
285,2026-01-05 11:16:19,bus,0.7807098031044006,59,225,138,341
285,2026-01-05 11:16:19,car,0.7677209973335266,207,62,226,83
285,2026-01-05 11:16:19,car,0.746109127998352,201,28,217,46
285,2026-01-05 11:16:19,car,0.6633172035217285,141,62,163,89
285,2026-01-05 11:16:19,car,0.6546207666397095,177,58,195,79
285,2026-01-05 11:16:19,car,0.5799551606178284,82,369,172,479
285,2026-01-05 11:16:19,car,0.5703930854797363,168,100,192,130
285,2026-01-05 11:16:19,car,0.5105270147323608,294,263,343,376
286,2026-01-05 11:16:19,car,0.7278281450271606,201,28,217,47
286,2026-01-05 11:16:19,car,0.7194064259529114,293,268,344,382
286,2026-01-05 11:16:19,car,0.7149560451507568,207,63,226,85
286,2026-01-05 11:16:19,bus,0.6889265179634094,50,231,136,350
286,2026-01-05 11:16:19,car,0.6775850057601929,177,59,195,81
286,2026-01-05 11:16:19,car,0.6605021953582764,141,62,163,89
286,2026-01-05 11:16:19,car,0.6276041865348816,167,102,192,133
286,2026-01-05 11:16:19,car,0.5014482140541077,75,383,167,479
287,2026-01-05 11:16:19,car,0.7717896103858948,177,60,195,82
287,2026-01-05 11:16:19,car,0.7520012259483337,201,29,217,47
287,2026-01-05 11:16:19,bus,0.7447794675827026,45,237,133,359
287,2026-01-05 11:16:19,car,0.7212601900100708,207,64,226,86
287,2026-01-05 11:16:19,car,0.6727254390716553,141,62,163,89
287,2026-01-05 11:16:19,car,0.6446007490158081,76,399,162,479
287,2026-01-05 11:16:19,car,0.6272385716438293,294,273,344,389
287,2026-01-05 11:16:19,car,0.6168549656867981,168,103,191,134
287,2026-01-05 11:16:19,car,0.5210837125778198,231,27,247,44
288,2026-01-05 11:16:19,bus,0.797015368938446,41,243,129,370
288,2026-01-05 11:16:19,car,0.7340413331985474,166,104,191,137
288,2026-01-05 11:16:19,car,0.7184087038040161,207,64,226,87
288,2026-01-05 11:16:19,car,0.7170220017433167,178,60,195,82
288,2026-01-05 11:16:19,car,0.7023787498474121,201,30,217,48
288,2026-01-05 11:16:19,car,0.6375638246536255,141,62,163,89
288,2026-01-05 11:16:19,car,0.6084234714508057,293,277,345,398
288,2026-01-05 11:16:19,car,0.5863332152366638,76,415,156,479
288,2026-01-05 11:16:19,car,0.5628357529640198,232,29,247,45
289,2026-01-05 11:16:20,bus,0.8409497141838074,32,248,127,378
289,2026-01-05 11:16:20,car,0.7630957961082458,207,64,227,88
289,2026-01-05 11:16:20,car,0.7241750955581665,201,31,217,49
289,2026-01-05 11:16:20,car,0.6877493262290955,74,435,150,479
289,2026-01-05 11:16:20,car,0.6773561835289001,232,30,247,46
289,2026-01-05 11:16:20,car,0.6528964638710022,177,61,195,84
289,2026-01-05 11:16:20,car,0.6269927620887756,141,62,163,89
289,2026-01-05 11:16:20,car,0.5745423436164856,166,106,191,138
290,2026-01-05 11:16:20,bus,0.7772082090377808,29,255,123,390
290,2026-01-05 11:16:20,car,0.7168454527854919,207,65,227,90
290,2026-01-05 11:16:20,car,0.696465790271759,232,31,247,47
290,2026-01-05 11:16:20,car,0.6688764691352844,201,32,218,50
290,2026-01-05 11:16:20,car,0.6122501492500305,177,62,195,84
290,2026-01-05 11:16:20,car,0.6111443042755127,141,62,163,89
291,2026-01-05 11:16:20,car,0.755682110786438,207,66,227,91
291,2026-01-05 11:16:20,bus,0.7168465852737427,18,261,120,400
291,2026-01-05 11:16:20,car,0.7026373744010925,177,63,195,86
291,2026-01-05 11:16:20,car,0.6457881331443787,233,32,247,47
291,2026-01-05 11:16:20,car,0.6372473239898682,141,62,163,90
291,2026-01-05 11:16:20,car,0.6145870685577393,201,32,218,50
292,2026-01-05 11:16:20,bus,0.862261176109314,13,268,116,411
292,2026-01-05 11:16:20,car,0.8071162700653076,207,67,227,92
292,2026-01-05 11:16:20,car,0.7545020580291748,177,64,195,87
292,2026-01-05 11:16:20,car,0.6729488968849182,233,32,248,48
292,2026-01-05 11:16:20,car,0.6458154320716858,201,32,218,51
292,2026-01-05 11:16:20,car,0.6073921322822571,142,62,164,89
292,2026-01-05 11:16:20,toilet,0.5845086574554443,291,297,347,433
292,2026-01-05 11:16:20,car,0.5228241086006165,164,111,190,145
293,2026-01-05 11:16:20,car,0.8034340739250183,206,69,227,95
293,2026-01-05 11:16:20,toilet,0.7217321991920471,289,303,347,445
293,2026-01-05 11:16:20,car,0.7160332798957825,176,64,195,88
293,2026-01-05 11:16:20,bus,0.7153494954109192,8,275,112,425
293,2026-01-05 11:16:20,car,0.6547414660453796,233,33,248,49
293,2026-01-05 11:16:20,car,0.5989115834236145,142,62,164,89
293,2026-01-05 11:16:20,car,0.5441375970840454,201,33,218,51
294,2026-01-05 11:16:20,car,0.8678263425827026,206,71,227,95
294,2026-01-05 11:16:20,bus,0.726773738861084,0,282,108,436
294,2026-01-05 11:16:20,car,0.7256177663803101,177,65,195,89
294,2026-01-05 11:16:20,car,0.7246354818344116,234,33,248,51
294,2026-01-05 11:16:20,car,0.5727617740631104,141,63,164,89
294,2026-01-05 11:16:20,car,0.5465378761291504,262,80,282,102
294,2026-01-05 11:16:20,car,0.509759247303009,163,115,189,148
295,2026-01-05 11:16:20,bus,0.8468884825706482,0,287,103,450
295,2026-01-05 11:16:20,car,0.8307916522026062,207,72,227,96
295,2026-01-05 11:16:20,car,0.7959950566291809,176,67,195,90
295,2026-01-05 11:16:20,car,0.7665623426437378,234,34,249,51
295,2026-01-05 11:16:20,car,0.5996794104576111,263,81,282,104
295,2026-01-05 11:16:20,car,0.5923396348953247,142,62,164,89
296,2026-01-05 11:16:20,car,0.837354838848114,176,68,194,91
296,2026-01-05 11:16:20,bus,0.8064302802085876,0,296,98,463
296,2026-01-05 11:16:20,car,0.7826058268547058,234,35,249,52
296,2026-01-05 11:16:20,car,0.7750965356826782,207,73,227,98
296,2026-01-05 11:16:20,car,0.5709162950515747,142,62,164,89
296,2026-01-05 11:16:20,car,0.5493075251579285,263,82,285,106
297,2026-01-05 11:16:20,car,0.8320598006248474,235,35,249,52
297,2026-01-05 11:16:20,car,0.7986339330673218,175,68,194,92
297,2026-01-05 11:16:20,car,0.720365583896637,207,74,227,99
297,2026-01-05 11:16:20,bus,0.6268872022628784,0,305,94,479
297,2026-01-05 11:16:20,car,0.5883037447929382,141,63,164,89
297,2026-01-05 11:16:20,car,0.5762308239936829,202,35,218,55
297,2026-01-05 11:16:20,car,0.5490155816078186,162,120,188,155
298,2026-01-05 11:16:20,car,0.7846035957336426,235,35,250,53
298,2026-01-05 11:16:20,car,0.7143822312355042,207,75,227,100
298,2026-01-05 11:16:20,car,0.6975893378257751,175,68,195,93
298,2026-01-05 11:16:20,car,0.6559784412384033,263,84,286,108
298,2026-01-05 11:16:20,car,0.62705397605896,159,123,188,158
298,2026-01-05 11:16:20,car,0.5766482949256897,141,62,164,88
298,2026-01-05 11:16:20,car,0.553735077381134,203,35,218,55
299,2026-01-05 11:16:20,car,0.8413292765617371,236,36,251,54
299,2026-01-05 11:16:20,car,0.7136371731758118,206,76,228,103
299,2026-01-05 11:16:20,car,0.6725218892097473,264,85,286,109
299,2026-01-05 11:16:20,car,0.6464223861694336,175,71,195,96
299,2026-01-05 11:16:20,car,0.5675705075263977,141,62,164,88
300,2026-01-05 11:16:21,car,0.8733925819396973,237,37,251,55
300,2026-01-05 11:16:21,car,0.6935426592826843,174,71,195,96
300,2026-01-05 11:16:21,car,0.6903060078620911,206,78,228,104
300,2026-01-05 11:16:21,car,0.6445205807685852,265,85,286,110
300,2026-01-05 11:16:21,car,0.5972142815589905,158,125,187,163
300,2026-01-05 11:16:21,car,0.5740157961845398,142,62,164,89
300,2026-01-05 11:16:21,car,0.5185033082962036,203,37,218,57
301,2026-01-05 11:16:21,car,0.8724561929702759,237,38,252,55
301,2026-01-05 11:16:21,car,0.7317726016044617,206,79,228,106
301,2026-01-05 11:16:21,car,0.6909950375556946,174,73,195,98
301,2026-01-05 11:16:21,car,0.6592144966125488,265,86,287,112
301,2026-01-05 11:16:21,car,0.5926589369773865,142,63,163,89
302,2026-01-05 11:16:21,car,0.8520875573158264,237,39,253,56
302,2026-01-05 11:16:21,car,0.7900148034095764,205,80,229,108
302,2026-01-05 11:16:21,car,0.6832351684570312,265,87,288,114
302,2026-01-05 11:16:21,car,0.6566803455352783,174,74,195,99
302,2026-01-05 11:16:21,car,0.5801151990890503,142,62,163,90
302,2026-01-05 11:16:21,car,0.5227850079536438,157,130,186,168
303,2026-01-05 11:16:21,car,0.8478429913520813,237,39,253,57
303,2026-01-05 11:16:21,car,0.7440550327301025,205,81,229,109
303,2026-01-05 11:16:21,car,0.6480915546417236,174,74,195,100
303,2026-01-05 11:16:21,car,0.5514631867408752,142,62,164,90
303,2026-01-05 11:16:21,car,0.5161641240119934,266,87,289,115
304,2026-01-05 11:16:21,car,0.8222517371177673,238,40,254,58
304,2026-01-05 11:16:21,car,0.6845709681510925,205,83,228,111
304,2026-01-05 11:16:21,car,0.661309003829956,173,76,194,101
304,2026-01-05 11:16:21,car,0.5684375762939453,142,62,164,89
304,2026-01-05 11:16:21,car,0.5333764553070068,267,89,290,116
304,2026-01-05 11:16:21,car,0.5323221683502197,154,133,184,173
304,2026-01-05 11:16:21,bus,0.5254146456718445,293,172,329,234
305,2026-01-05 11:16:21,car,0.7363103032112122,238,41,254,59
305,2026-01-05 11:16:21,car,0.6870134472846985,205,84,229,112
305,2026-01-05 11:16:21,car,0.5623267889022827,153,137,184,177
305,2026-01-05 11:16:21,car,0.5590054988861084,142,62,163,89
305,2026-01-05 11:16:21,car,0.5538663864135742,173,77,194,103
305,2026-01-05 11:16:21,car,0.5370209217071533,268,91,290,117
306,2026-01-05 11:16:21,car,0.682646632194519,151,140,183,179
306,2026-01-05 11:16:21,car,0.6498110294342041,205,85,230,114
306,2026-01-05 11:16:21,car,0.628167450428009,239,42,255,60
306,2026-01-05 11:16:21,car,0.5908858776092529,173,78,195,104
306,2026-01-05 11:16:21,car,0.5530291199684143,142,62,163,89
307,2026-01-05 11:16:21,car,0.7081611752510071,205,87,229,115
307,2026-01-05 11:16:21,car,0.6378774046897888,239,43,255,60
307,2026-01-05 11:16:21,car,0.5818714499473572,174,79,195,106
307,2026-01-05 11:16:21,car,0.5743505954742432,142,63,163,90
307,2026-01-05 11:16:21,car,0.5706306099891663,150,142,181,182
308,2026-01-05 11:16:21,car,0.6660460829734802,240,43,255,61
308,2026-01-05 11:16:21,car,0.6509641408920288,205,88,230,117
308,2026-01-05 11:16:21,car,0.6240999102592468,174,81,194,107
308,2026-01-05 11:16:21,car,0.5942550897598267,149,145,181,186
308,2026-01-05 11:16:21,car,0.5830685496330261,142,62,163,90
309,2026-01-05 11:16:21,car,0.7076579332351685,240,44,256,63
309,2026-01-05 11:16:21,car,0.6589577794075012,205,90,230,119
309,2026-01-05 11:16:21,car,0.6573111414909363,173,81,194,109
309,2026-01-05 11:16:21,car,0.5998122096061707,142,63,163,90
309,2026-01-05 11:16:21,car,0.5878984928131104,148,147,181,189
310,2026-01-05 11:16:22,car,0.7380107641220093,240,45,256,63
310,2026-01-05 11:16:22,car,0.632845938205719,173,84,194,110
310,2026-01-05 11:16:22,car,0.5925920009613037,205,92,229,121
310,2026-01-05 11:16:22,car,0.5783533453941345,142,63,163,90
310,2026-01-05 11:16:22,car,0.5769528746604919,146,151,177,192
311,2026-01-05 11:16:22,car,0.6846115589141846,241,46,256,64
311,2026-01-05 11:16:22,car,0.6428696513175964,173,84,194,111
311,2026-01-05 11:16:22,car,0.5384635925292969,142,63,163,90
311,2026-01-05 11:16:22,car,0.5139277577400208,145,151,178,195
311,2026-01-05 11:16:22,car,0.502039909362793,205,93,229,123
312,2026-01-05 11:16:22,car,0.627827525138855,205,94,229,125
312,2026-01-05 11:16:22,car,0.6113293170928955,172,85,194,113
312,2026-01-05 11:16:22,car,0.6061431765556335,241,47,257,65
312,2026-01-05 11:16:22,car,0.5637644529342651,142,63,163,90
313,2026-01-05 11:16:22,car,0.66325443983078,242,48,257,67
313,2026-01-05 11:16:22,car,0.6084182858467102,204,96,230,127
313,2026-01-05 11:16:22,car,0.6068246960639954,171,87,193,114
313,2026-01-05 11:16:22,car,0.5803371071815491,142,63,163,90
